2024-09-18T00:01:07.760+03:00  INFO 16048 --- [GoFarBot] [restartedMain] c.example.gofarbot.GoFarBotApplication   : Starting GoFarBotApplication using Java 17.0.2 with PID 16048 (C:\Users\Сева Счетов\IdeaProjects\GoFarBot\target\classes started by Сева Счетов in C:\Users\Сева Счетов\IdeaProjects\GoFarBot)
2024-09-18T00:01:07.764+03:00  INFO 16048 --- [GoFarBot] [restartedMain] c.example.gofarbot.GoFarBotApplication   : No active profile set, falling back to 1 default profile: "default"
2024-09-18T00:01:07.822+03:00  INFO 16048 --- [GoFarBot] [restartedMain] .e.DevToolsPropertyDefaultsPostProcessor : Devtools property defaults active! Set 'spring.devtools.add-properties' to 'false' to disable
2024-09-18T00:01:07.822+03:00  INFO 16048 --- [GoFarBot] [restartedMain] .e.DevToolsPropertyDefaultsPostProcessor : For additional web related logging consider setting the 'logging.level.web' property to 'DEBUG'
2024-09-18T00:01:08.661+03:00  INFO 16048 --- [GoFarBot] [restartedMain] .s.d.r.c.RepositoryConfigurationDelegate : Bootstrapping Spring Data JPA repositories in DEFAULT mode.
2024-09-18T00:01:08.751+03:00  INFO 16048 --- [GoFarBot] [restartedMain] .s.d.r.c.RepositoryConfigurationDelegate : Finished Spring Data repository scanning in 80 ms. Found 4 JPA repository interfaces.
2024-09-18T00:01:09.732+03:00  INFO 16048 --- [GoFarBot] [restartedMain] o.s.b.w.embedded.tomcat.TomcatWebServer  : Tomcat initialized with port 8080 (http)
2024-09-18T00:01:09.749+03:00  INFO 16048 --- [GoFarBot] [restartedMain] o.apache.catalina.core.StandardService   : Starting service [Tomcat]
2024-09-18T00:01:09.750+03:00  INFO 16048 --- [GoFarBot] [restartedMain] o.apache.catalina.core.StandardEngine    : Starting Servlet engine: [Apache Tomcat/10.1.28]
2024-09-18T00:01:09.829+03:00  INFO 16048 --- [GoFarBot] [restartedMain] o.a.c.c.C.[Tomcat].[localhost].[/]       : Initializing Spring embedded WebApplicationContext
2024-09-18T00:01:09.830+03:00  INFO 16048 --- [GoFarBot] [restartedMain] w.s.c.ServletWebServerApplicationContext : Root WebApplicationContext: initialization completed in 2007 ms
2024-09-18T00:01:10.022+03:00  INFO 16048 --- [GoFarBot] [restartedMain] com.zaxxer.hikari.HikariDataSource       : HikariPool-1 - Starting...
2024-09-18T00:01:10.235+03:00  INFO 16048 --- [GoFarBot] [restartedMain] com.zaxxer.hikari.pool.HikariPool        : HikariPool-1 - Added connection org.postgresql.jdbc.PgConnection@2c0029c4
2024-09-18T00:01:10.237+03:00  INFO 16048 --- [GoFarBot] [restartedMain] com.zaxxer.hikari.HikariDataSource       : HikariPool-1 - Start completed.
2024-09-18T00:01:10.453+03:00  INFO 16048 --- [GoFarBot] [restartedMain] liquibase.database                       : Set default schema name to public
2024-09-18T00:01:10.868+03:00  INFO 16048 --- [GoFarBot] [restartedMain] liquibase.command                        : Logging exception.
2024-09-18T00:01:10.868+03:00  INFO 16048 --- [GoFarBot] [restartedMain] liquibase.ui                             : ERROR: Exception Details
2024-09-18T00:01:10.868+03:00  INFO 16048 --- [GoFarBot] [restartedMain] liquibase.ui                             : ERROR: Exception Primary Class:  ParserException
2024-09-18T00:01:10.869+03:00  INFO 16048 --- [GoFarBot] [restartedMain] liquibase.ui                             : ERROR: Exception Primary Reason:  while parsing a block mapping
 in 'reader', line 10, column 19:
                      name: text
                      ^
expected <block end>, but found '<block mapping start>'
 in 'reader', line 13, column 21:
                        Поговорим о том как подготовитьс ... 
                        ^

2024-09-18T00:01:10.869+03:00  INFO 16048 --- [GoFarBot] [restartedMain] liquibase.ui                             : ERROR: Exception Primary Source:  PostgreSQL 16.2
2024-09-18T00:01:10.869+03:00  INFO 16048 --- [GoFarBot] [restartedMain] liquibase.command                        : Command execution complete
2024-09-18T00:01:10.872+03:00  WARN 16048 --- [GoFarBot] [restartedMain] ConfigServletWebServerApplicationContext : Exception encountered during context initialization - cancelling refresh attempt: org.springframework.beans.factory.BeanCreationException: Error creating bean with name 'entityManagerFactory' defined in class path resource [org/springframework/boot/autoconfigure/orm/jpa/HibernateJpaConfiguration.class]: Failed to initialize dependency 'liquibase' of LoadTimeWeaverAware bean 'entityManagerFactory': Error creating bean with name 'liquibase' defined in class path resource [org/springframework/boot/autoconfigure/liquibase/LiquibaseAutoConfiguration$LiquibaseConfiguration.class]: liquibase.exception.CommandExecutionException: liquibase.exception.ChangeLogParseException: Error parsing classpath:/db/changelog/db.changelog-master.yaml : Syntax error in file db/changelog/changeset/insert-notification-values.yaml: while parsing a block mapping
 in 'reader', line 10, column 19:
                      name: text
                      ^
expected <block end>, but found '<block mapping start>'
 in 'reader', line 13, column 21:
                        Поговорим о том как подготовитьс ... 
                        ^

2024-09-18T00:01:10.873+03:00  INFO 16048 --- [GoFarBot] [restartedMain] com.zaxxer.hikari.HikariDataSource       : HikariPool-1 - Shutdown initiated...
2024-09-18T00:01:10.969+03:00  INFO 16048 --- [GoFarBot] [restartedMain] com.zaxxer.hikari.HikariDataSource       : HikariPool-1 - Shutdown completed.
2024-09-18T00:01:10.971+03:00  INFO 16048 --- [GoFarBot] [restartedMain] o.apache.catalina.core.StandardService   : Stopping service [Tomcat]
2024-09-18T00:01:10.983+03:00  INFO 16048 --- [GoFarBot] [restartedMain] .s.b.a.l.ConditionEvaluationReportLogger : 

Error starting ApplicationContext. To display the condition evaluation report re-run your application with 'debug' enabled.
2024-09-18T00:01:11.009+03:00 ERROR 16048 --- [GoFarBot] [restartedMain] o.s.boot.SpringApplication               : Application run failed

org.springframework.beans.factory.BeanCreationException: Error creating bean with name 'entityManagerFactory' defined in class path resource [org/springframework/boot/autoconfigure/orm/jpa/HibernateJpaConfiguration.class]: Failed to initialize dependency 'liquibase' of LoadTimeWeaverAware bean 'entityManagerFactory': Error creating bean with name 'liquibase' defined in class path resource [org/springframework/boot/autoconfigure/liquibase/LiquibaseAutoConfiguration$LiquibaseConfiguration.class]: liquibase.exception.CommandExecutionException: liquibase.exception.ChangeLogParseException: Error parsing classpath:/db/changelog/db.changelog-master.yaml : Syntax error in file db/changelog/changeset/insert-notification-values.yaml: while parsing a block mapping
 in 'reader', line 10, column 19:
                      name: text
                      ^
expected <block end>, but found '<block mapping start>'
 in 'reader', line 13, column 21:
                        Поговорим о том как подготовитьс ... 
                        ^

	at org.springframework.beans.factory.support.AbstractBeanFactory.doGetBean(AbstractBeanFactory.java:326) ~[spring-beans-6.1.12.jar:6.1.12]
	at org.springframework.beans.factory.support.AbstractBeanFactory.getBean(AbstractBeanFactory.java:205) ~[spring-beans-6.1.12.jar:6.1.12]
	at org.springframework.context.support.AbstractApplicationContext.finishBeanFactoryInitialization(AbstractApplicationContext.java:954) ~[spring-context-6.1.12.jar:6.1.12]
	at org.springframework.context.support.AbstractApplicationContext.refresh(AbstractApplicationContext.java:625) ~[spring-context-6.1.12.jar:6.1.12]
	at org.springframework.boot.web.servlet.context.ServletWebServerApplicationContext.refresh(ServletWebServerApplicationContext.java:146) ~[spring-boot-3.3.3.jar:3.3.3]
	at org.springframework.boot.SpringApplication.refresh(SpringApplication.java:754) ~[spring-boot-3.3.3.jar:3.3.3]
	at org.springframework.boot.SpringApplication.refreshContext(SpringApplication.java:456) ~[spring-boot-3.3.3.jar:3.3.3]
	at org.springframework.boot.SpringApplication.run(SpringApplication.java:335) ~[spring-boot-3.3.3.jar:3.3.3]
	at org.springframework.boot.SpringApplication.run(SpringApplication.java:1363) ~[spring-boot-3.3.3.jar:3.3.3]
	at org.springframework.boot.SpringApplication.run(SpringApplication.java:1352) ~[spring-boot-3.3.3.jar:3.3.3]
	at com.example.gofarbot.GoFarBotApplication.main(GoFarBotApplication.java:11) ~[classes/:na]
	at java.base/jdk.internal.reflect.NativeMethodAccessorImpl.invoke0(Native Method) ~[na:na]
	at java.base/jdk.internal.reflect.NativeMethodAccessorImpl.invoke(NativeMethodAccessorImpl.java:77) ~[na:na]
	at java.base/jdk.internal.reflect.DelegatingMethodAccessorImpl.invoke(DelegatingMethodAccessorImpl.java:43) ~[na:na]
	at java.base/java.lang.reflect.Method.invoke(Method.java:568) ~[na:na]
	at org.springframework.boot.devtools.restart.RestartLauncher.run(RestartLauncher.java:50) ~[spring-boot-devtools-3.3.3.jar:3.3.3]
Caused by: org.springframework.beans.factory.BeanCreationException: Error creating bean with name 'liquibase' defined in class path resource [org/springframework/boot/autoconfigure/liquibase/LiquibaseAutoConfiguration$LiquibaseConfiguration.class]: liquibase.exception.CommandExecutionException: liquibase.exception.ChangeLogParseException: Error parsing classpath:/db/changelog/db.changelog-master.yaml : Syntax error in file db/changelog/changeset/insert-notification-values.yaml: while parsing a block mapping
 in 'reader', line 10, column 19:
                      name: text
                      ^
expected <block end>, but found '<block mapping start>'
 in 'reader', line 13, column 21:
                        Поговорим о том как подготовитьс ... 
                        ^

	at org.springframework.beans.factory.support.AbstractAutowireCapableBeanFactory.initializeBean(AbstractAutowireCapableBeanFactory.java:1806) ~[spring-beans-6.1.12.jar:6.1.12]
	at org.springframework.beans.factory.support.AbstractAutowireCapableBeanFactory.doCreateBean(AbstractAutowireCapableBeanFactory.java:600) ~[spring-beans-6.1.12.jar:6.1.12]
	at org.springframework.beans.factory.support.AbstractAutowireCapableBeanFactory.createBean(AbstractAutowireCapableBeanFactory.java:522) ~[spring-beans-6.1.12.jar:6.1.12]
	at org.springframework.beans.factory.support.AbstractBeanFactory.lambda$doGetBean$0(AbstractBeanFactory.java:337) ~[spring-beans-6.1.12.jar:6.1.12]
	at org.springframework.beans.factory.support.DefaultSingletonBeanRegistry.getSingleton(DefaultSingletonBeanRegistry.java:234) ~[spring-beans-6.1.12.jar:6.1.12]
	at org.springframework.beans.factory.support.AbstractBeanFactory.doGetBean(AbstractBeanFactory.java:335) ~[spring-beans-6.1.12.jar:6.1.12]
	at org.springframework.beans.factory.support.AbstractBeanFactory.getBean(AbstractBeanFactory.java:200) ~[spring-beans-6.1.12.jar:6.1.12]
	at org.springframework.beans.factory.support.AbstractBeanFactory.doGetBean(AbstractBeanFactory.java:313) ~[spring-beans-6.1.12.jar:6.1.12]
	... 15 common frames omitted
Caused by: liquibase.exception.UnexpectedLiquibaseException: liquibase.exception.CommandExecutionException: liquibase.exception.ChangeLogParseException: Error parsing classpath:/db/changelog/db.changelog-master.yaml : Syntax error in file db/changelog/changeset/insert-notification-values.yaml: while parsing a block mapping
 in 'reader', line 10, column 19:
                      name: text
                      ^
expected <block end>, but found '<block mapping start>'
 in 'reader', line 13, column 21:
                        Поговорим о том как подготовитьс ... 
                        ^

	at liquibase.integration.spring.SpringLiquibase.afterPropertiesSet(SpringLiquibase.java:259) ~[liquibase-core-4.27.0.jar:na]
	at org.springframework.beans.factory.support.AbstractAutowireCapableBeanFactory.invokeInitMethods(AbstractAutowireCapableBeanFactory.java:1853) ~[spring-beans-6.1.12.jar:6.1.12]
	at org.springframework.beans.factory.support.AbstractAutowireCapableBeanFactory.initializeBean(AbstractAutowireCapableBeanFactory.java:1802) ~[spring-beans-6.1.12.jar:6.1.12]
	... 22 common frames omitted
Caused by: liquibase.exception.CommandExecutionException: liquibase.exception.ChangeLogParseException: Error parsing classpath:/db/changelog/db.changelog-master.yaml : Syntax error in file db/changelog/changeset/insert-notification-values.yaml: while parsing a block mapping
 in 'reader', line 10, column 19:
                      name: text
                      ^
expected <block end>, but found '<block mapping start>'
 in 'reader', line 13, column 21:
                        Поговорим о том как подготовитьс ... 
                        ^

	at liquibase.command.CommandScope.execute(CommandScope.java:257) ~[liquibase-core-4.27.0.jar:na]
	at liquibase.Liquibase.lambda$update$0(Liquibase.java:245) ~[liquibase-core-4.27.0.jar:na]
	at liquibase.Scope.lambda$child$0(Scope.java:190) ~[liquibase-core-4.27.0.jar:na]
	at liquibase.Scope.child(Scope.java:199) ~[liquibase-core-4.27.0.jar:na]
	at liquibase.Scope.child(Scope.java:189) ~[liquibase-core-4.27.0.jar:na]
	at liquibase.Scope.child(Scope.java:168) ~[liquibase-core-4.27.0.jar:na]
	at liquibase.Liquibase.runInScope(Liquibase.java:1436) ~[liquibase-core-4.27.0.jar:na]
	at liquibase.Liquibase.update(Liquibase.java:234) ~[liquibase-core-4.27.0.jar:na]
	at liquibase.Liquibase.update(Liquibase.java:212) ~[liquibase-core-4.27.0.jar:na]
	at liquibase.integration.spring.SpringLiquibase.performUpdate(SpringLiquibase.java:297) ~[liquibase-core-4.27.0.jar:na]
	at liquibase.integration.spring.SpringLiquibase.lambda$afterPropertiesSet$0(SpringLiquibase.java:249) ~[liquibase-core-4.27.0.jar:na]
	at liquibase.Scope.lambda$child$0(Scope.java:190) ~[liquibase-core-4.27.0.jar:na]
	at liquibase.Scope.child(Scope.java:199) ~[liquibase-core-4.27.0.jar:na]
	at liquibase.Scope.child(Scope.java:189) ~[liquibase-core-4.27.0.jar:na]
	at liquibase.Scope.child(Scope.java:168) ~[liquibase-core-4.27.0.jar:na]
	at liquibase.Scope.child(Scope.java:256) ~[liquibase-core-4.27.0.jar:na]
	at liquibase.integration.spring.SpringLiquibase.afterPropertiesSet(SpringLiquibase.java:242) ~[liquibase-core-4.27.0.jar:na]
	... 24 common frames omitted
Caused by: liquibase.exception.ChangeLogParseException: Error parsing classpath:/db/changelog/db.changelog-master.yaml : Syntax error in file db/changelog/changeset/insert-notification-values.yaml: while parsing a block mapping
 in 'reader', line 10, column 19:
                      name: text
                      ^
expected <block end>, but found '<block mapping start>'
 in 'reader', line 13, column 21:
                        Поговорим о том как подготовитьс ... 
                        ^

	at liquibase.parser.core.yaml.YamlChangeLogParser.parse(YamlChangeLogParser.java:96) ~[liquibase-core-4.27.0.jar:na]
	at liquibase.command.core.helpers.DatabaseChangelogCommandStep.lambda$getDatabaseChangeLog$0(DatabaseChangelogCommandStep.java:129) ~[liquibase-core-4.27.0.jar:na]
	at liquibase.Scope.child(Scope.java:199) ~[liquibase-core-4.27.0.jar:na]
	at liquibase.Scope.child(Scope.java:175) ~[liquibase-core-4.27.0.jar:na]
	at liquibase.command.core.helpers.DatabaseChangelogCommandStep.getDatabaseChangeLog(DatabaseChangelogCommandStep.java:128) ~[liquibase-core-4.27.0.jar:na]
	at liquibase.command.core.helpers.DatabaseChangelogCommandStep.run(DatabaseChangelogCommandStep.java:87) ~[liquibase-core-4.27.0.jar:na]
	at liquibase.command.CommandScope.execute(CommandScope.java:219) ~[liquibase-core-4.27.0.jar:na]
	... 40 common frames omitted
Caused by: liquibase.exception.SetupException: Syntax error in file db/changelog/changeset/insert-notification-values.yaml: while parsing a block mapping
 in 'reader', line 10, column 19:
                      name: text
                      ^
expected <block end>, but found '<block mapping start>'
 in 'reader', line 13, column 21:
                        Поговорим о том как подготовитьс ... 
                        ^

	at liquibase.changelog.DatabaseChangeLog.handleChildNode(DatabaseChangeLog.java:465) ~[liquibase-core-4.27.0.jar:na]
	at liquibase.changelog.DatabaseChangeLog.load(DatabaseChangeLog.java:390) ~[liquibase-core-4.27.0.jar:na]
	at liquibase.parser.core.yaml.YamlChangeLogParser.parse(YamlChangeLogParser.java:90) ~[liquibase-core-4.27.0.jar:na]
	... 46 common frames omitted
Caused by: liquibase.exception.LiquibaseException: Syntax error in file db/changelog/changeset/insert-notification-values.yaml: while parsing a block mapping
 in 'reader', line 10, column 19:
                      name: text
                      ^
expected <block end>, but found '<block mapping start>'
 in 'reader', line 13, column 21:
                        Поговорим о том как подготовитьс ... 
                        ^

	at liquibase.changelog.DatabaseChangeLog.include(DatabaseChangeLog.java:987) ~[liquibase-core-4.27.0.jar:na]
	at liquibase.changelog.DatabaseChangeLog.handleChildNode(DatabaseChangeLog.java:455) ~[liquibase-core-4.27.0.jar:na]
	... 48 common frames omitted
Caused by: liquibase.exception.ChangeLogParseException: Syntax error in file db/changelog/changeset/insert-notification-values.yaml: while parsing a block mapping
 in 'reader', line 10, column 19:
                      name: text
                      ^
expected <block end>, but found '<block mapping start>'
 in 'reader', line 13, column 21:
                        Поговорим о том как подготовитьс ... 
                        ^

	at liquibase.parser.core.yaml.YamlChangeLogParser.parseYamlStream(YamlChangeLogParser.java:105) ~[liquibase-core-4.27.0.jar:na]
	at liquibase.parser.core.yaml.YamlChangeLogParser.parse(YamlChangeLogParser.java:40) ~[liquibase-core-4.27.0.jar:na]
	at liquibase.changelog.DatabaseChangeLog.include(DatabaseChangeLog.java:959) ~[liquibase-core-4.27.0.jar:na]
	... 49 common frames omitted
Caused by: org.yaml.snakeyaml.parser.ParserException: while parsing a block mapping
 in 'reader', line 10, column 19:
                      name: text
                      ^
expected <block end>, but found '<block mapping start>'
 in 'reader', line 13, column 21:
                        Поговорим о том как подготовитьс ... 
                        ^

	at org.yaml.snakeyaml.parser.ParserImpl$ParseBlockMappingKey.produce(ParserImpl.java:654) ~[snakeyaml-2.2.jar:na]
	at org.yaml.snakeyaml.parser.ParserImpl.peekEvent(ParserImpl.java:161) ~[snakeyaml-2.2.jar:na]
	at org.yaml.snakeyaml.comments.CommentEventsCollector$1.peek(CommentEventsCollector.java:57) ~[snakeyaml-2.2.jar:na]
	at org.yaml.snakeyaml.comments.CommentEventsCollector$1.peek(CommentEventsCollector.java:43) ~[snakeyaml-2.2.jar:na]
	at org.yaml.snakeyaml.comments.CommentEventsCollector.collectEvents(CommentEventsCollector.java:136) ~[snakeyaml-2.2.jar:na]
	at org.yaml.snakeyaml.comments.CommentEventsCollector.collectEvents(CommentEventsCollector.java:116) ~[snakeyaml-2.2.jar:na]
	at org.yaml.snakeyaml.composer.Composer.composeScalarNode(Composer.java:241) ~[snakeyaml-2.2.jar:na]
	at org.yaml.snakeyaml.composer.Composer.composeNode(Composer.java:205) ~[snakeyaml-2.2.jar:na]
	at org.yaml.snakeyaml.composer.Composer.composeValueNode(Composer.java:369) ~[snakeyaml-2.2.jar:na]
	at org.yaml.snakeyaml.composer.Composer.composeMappingChildren(Composer.java:348) ~[snakeyaml-2.2.jar:na]
	at org.yaml.snakeyaml.composer.Composer.composeMappingNode(Composer.java:323) ~[snakeyaml-2.2.jar:na]
	at org.yaml.snakeyaml.composer.Composer.composeNode(Composer.java:209) ~[snakeyaml-2.2.jar:na]
	at org.yaml.snakeyaml.composer.Composer.composeValueNode(Composer.java:369) ~[snakeyaml-2.2.jar:na]
	at org.yaml.snakeyaml.composer.Composer.composeMappingChildren(Composer.java:348) ~[snakeyaml-2.2.jar:na]
	at org.yaml.snakeyaml.composer.Composer.composeMappingNode(Composer.java:323) ~[snakeyaml-2.2.jar:na]
	at org.yaml.snakeyaml.composer.Composer.composeNode(Composer.java:209) ~[snakeyaml-2.2.jar:na]
	at org.yaml.snakeyaml.composer.Composer.composeSequenceNode(Composer.java:277) ~[snakeyaml-2.2.jar:na]
	at org.yaml.snakeyaml.composer.Composer.composeNode(Composer.java:207) ~[snakeyaml-2.2.jar:na]
	at org.yaml.snakeyaml.composer.Composer.composeValueNode(Composer.java:369) ~[snakeyaml-2.2.jar:na]
	at org.yaml.snakeyaml.composer.Composer.composeMappingChildren(Composer.java:348) ~[snakeyaml-2.2.jar:na]
	at org.yaml.snakeyaml.composer.Composer.composeMappingNode(Composer.java:323) ~[snakeyaml-2.2.jar:na]
	at org.yaml.snakeyaml.composer.Composer.composeNode(Composer.java:209) ~[snakeyaml-2.2.jar:na]
	at org.yaml.snakeyaml.composer.Composer.composeValueNode(Composer.java:369) ~[snakeyaml-2.2.jar:na]
	at org.yaml.snakeyaml.composer.Composer.composeMappingChildren(Composer.java:348) ~[snakeyaml-2.2.jar:na]
	at org.yaml.snakeyaml.composer.Composer.composeMappingNode(Composer.java:323) ~[snakeyaml-2.2.jar:na]
	at org.yaml.snakeyaml.composer.Composer.composeNode(Composer.java:209) ~[snakeyaml-2.2.jar:na]
	at org.yaml.snakeyaml.composer.Composer.composeSequenceNode(Composer.java:277) ~[snakeyaml-2.2.jar:na]
	at org.yaml.snakeyaml.composer.Composer.composeNode(Composer.java:207) ~[snakeyaml-2.2.jar:na]
	at org.yaml.snakeyaml.composer.Composer.composeValueNode(Composer.java:369) ~[snakeyaml-2.2.jar:na]
	at org.yaml.snakeyaml.composer.Composer.composeMappingChildren(Composer.java:348) ~[snakeyaml-2.2.jar:na]
	at org.yaml.snakeyaml.composer.Composer.composeMappingNode(Composer.java:323) ~[snakeyaml-2.2.jar:na]
	at org.yaml.snakeyaml.composer.Composer.composeNode(Composer.java:209) ~[snakeyaml-2.2.jar:na]
	at org.yaml.snakeyaml.composer.Composer.composeValueNode(Composer.java:369) ~[snakeyaml-2.2.jar:na]
	at org.yaml.snakeyaml.composer.Composer.composeMappingChildren(Composer.java:348) ~[snakeyaml-2.2.jar:na]
	at org.yaml.snakeyaml.composer.Composer.composeMappingNode(Composer.java:323) ~[snakeyaml-2.2.jar:na]
	at org.yaml.snakeyaml.composer.Composer.composeNode(Composer.java:209) ~[snakeyaml-2.2.jar:na]
	at org.yaml.snakeyaml.composer.Composer.composeSequenceNode(Composer.java:277) ~[snakeyaml-2.2.jar:na]
	at org.yaml.snakeyaml.composer.Composer.composeNode(Composer.java:207) ~[snakeyaml-2.2.jar:na]
	at org.yaml.snakeyaml.composer.Composer.composeValueNode(Composer.java:369) ~[snakeyaml-2.2.jar:na]
	at org.yaml.snakeyaml.composer.Composer.composeMappingChildren(Composer.java:348) ~[snakeyaml-2.2.jar:na]
	at org.yaml.snakeyaml.composer.Composer.composeMappingNode(Composer.java:323) ~[snakeyaml-2.2.jar:na]
	at org.yaml.snakeyaml.composer.Composer.composeNode(Composer.java:209) ~[snakeyaml-2.2.jar:na]
	at org.yaml.snakeyaml.composer.Composer.getNode(Composer.java:131) ~[snakeyaml-2.2.jar:na]
	at org.yaml.snakeyaml.composer.Composer.getSingleNode(Composer.java:157) ~[snakeyaml-2.2.jar:na]
	at org.yaml.snakeyaml.constructor.BaseConstructor.getSingleData(BaseConstructor.java:178) ~[snakeyaml-2.2.jar:na]
	at org.yaml.snakeyaml.Yaml.loadFromReader(Yaml.java:493) ~[snakeyaml-2.2.jar:na]
	at org.yaml.snakeyaml.Yaml.load(Yaml.java:434) ~[snakeyaml-2.2.jar:na]
	at liquibase.parser.core.yaml.YamlChangeLogParser.parseYamlStream(YamlChangeLogParser.java:103) ~[liquibase-core-4.27.0.jar:na]
	... 51 common frames omitted

2024-09-18T00:02:41.086+03:00  INFO 8604 --- [GoFarBot] [restartedMain] c.example.gofarbot.GoFarBotApplication   : Starting GoFarBotApplication using Java 17.0.2 with PID 8604 (C:\Users\Сева Счетов\IdeaProjects\GoFarBot\target\classes started by Сева Счетов in C:\Users\Сева Счетов\IdeaProjects\GoFarBot)
2024-09-18T00:02:41.089+03:00  INFO 8604 --- [GoFarBot] [restartedMain] c.example.gofarbot.GoFarBotApplication   : No active profile set, falling back to 1 default profile: "default"
2024-09-18T00:02:41.141+03:00  INFO 8604 --- [GoFarBot] [restartedMain] .e.DevToolsPropertyDefaultsPostProcessor : Devtools property defaults active! Set 'spring.devtools.add-properties' to 'false' to disable
2024-09-18T00:02:41.142+03:00  INFO 8604 --- [GoFarBot] [restartedMain] .e.DevToolsPropertyDefaultsPostProcessor : For additional web related logging consider setting the 'logging.level.web' property to 'DEBUG'
2024-09-18T00:02:41.842+03:00  INFO 8604 --- [GoFarBot] [restartedMain] .s.d.r.c.RepositoryConfigurationDelegate : Bootstrapping Spring Data JPA repositories in DEFAULT mode.
2024-09-18T00:02:41.917+03:00  INFO 8604 --- [GoFarBot] [restartedMain] .s.d.r.c.RepositoryConfigurationDelegate : Finished Spring Data repository scanning in 66 ms. Found 4 JPA repository interfaces.
2024-09-18T00:02:42.744+03:00  INFO 8604 --- [GoFarBot] [restartedMain] o.s.b.w.embedded.tomcat.TomcatWebServer  : Tomcat initialized with port 8080 (http)
2024-09-18T00:02:42.759+03:00  INFO 8604 --- [GoFarBot] [restartedMain] o.apache.catalina.core.StandardService   : Starting service [Tomcat]
2024-09-18T00:02:42.759+03:00  INFO 8604 --- [GoFarBot] [restartedMain] o.apache.catalina.core.StandardEngine    : Starting Servlet engine: [Apache Tomcat/10.1.28]
2024-09-18T00:02:42.827+03:00  INFO 8604 --- [GoFarBot] [restartedMain] o.a.c.c.C.[Tomcat].[localhost].[/]       : Initializing Spring embedded WebApplicationContext
2024-09-18T00:02:42.827+03:00  INFO 8604 --- [GoFarBot] [restartedMain] w.s.c.ServletWebServerApplicationContext : Root WebApplicationContext: initialization completed in 1685 ms
2024-09-18T00:02:42.991+03:00  INFO 8604 --- [GoFarBot] [restartedMain] com.zaxxer.hikari.HikariDataSource       : HikariPool-1 - Starting...
2024-09-18T00:02:43.167+03:00  INFO 8604 --- [GoFarBot] [restartedMain] com.zaxxer.hikari.pool.HikariPool        : HikariPool-1 - Added connection org.postgresql.jdbc.PgConnection@6a12af4a
2024-09-18T00:02:43.169+03:00  INFO 8604 --- [GoFarBot] [restartedMain] com.zaxxer.hikari.HikariDataSource       : HikariPool-1 - Start completed.
2024-09-18T00:02:43.335+03:00  INFO 8604 --- [GoFarBot] [restartedMain] liquibase.database                       : Set default schema name to public
2024-09-18T00:02:43.709+03:00  INFO 8604 --- [GoFarBot] [restartedMain] liquibase.command                        : Logging exception.
2024-09-18T00:02:43.710+03:00  INFO 8604 --- [GoFarBot] [restartedMain] liquibase.ui                             : ERROR: Exception Details
2024-09-18T00:02:43.710+03:00  INFO 8604 --- [GoFarBot] [restartedMain] liquibase.ui                             : ERROR: Exception Primary Class:  ParserException
2024-09-18T00:02:43.710+03:00  INFO 8604 --- [GoFarBot] [restartedMain] liquibase.ui                             : ERROR: Exception Primary Reason:  while parsing a block mapping
 in 'reader', line 10, column 19:
                      name: text
                      ^
expected <block end>, but found '<block mapping start>'
 in 'reader', line 13, column 21:
                        Поговорим о том как подготовитьс ... 
                        ^

2024-09-18T00:02:43.710+03:00  INFO 8604 --- [GoFarBot] [restartedMain] liquibase.ui                             : ERROR: Exception Primary Source:  PostgreSQL 16.2
2024-09-18T00:02:43.711+03:00  INFO 8604 --- [GoFarBot] [restartedMain] liquibase.command                        : Command execution complete
2024-09-18T00:02:43.713+03:00  WARN 8604 --- [GoFarBot] [restartedMain] ConfigServletWebServerApplicationContext : Exception encountered during context initialization - cancelling refresh attempt: org.springframework.beans.factory.BeanCreationException: Error creating bean with name 'entityManagerFactory' defined in class path resource [org/springframework/boot/autoconfigure/orm/jpa/HibernateJpaConfiguration.class]: Failed to initialize dependency 'liquibase' of LoadTimeWeaverAware bean 'entityManagerFactory': Error creating bean with name 'liquibase' defined in class path resource [org/springframework/boot/autoconfigure/liquibase/LiquibaseAutoConfiguration$LiquibaseConfiguration.class]: liquibase.exception.CommandExecutionException: liquibase.exception.ChangeLogParseException: Error parsing classpath:/db/changelog/db.changelog-master.yaml : Syntax error in file db/changelog/changeset/insert-notification-values.yaml: while parsing a block mapping
 in 'reader', line 10, column 19:
                      name: text
                      ^
expected <block end>, but found '<block mapping start>'
 in 'reader', line 13, column 21:
                        Поговорим о том как подготовитьс ... 
                        ^

2024-09-18T00:02:43.714+03:00  INFO 8604 --- [GoFarBot] [restartedMain] com.zaxxer.hikari.HikariDataSource       : HikariPool-1 - Shutdown initiated...
2024-09-18T00:02:43.813+03:00  INFO 8604 --- [GoFarBot] [restartedMain] com.zaxxer.hikari.HikariDataSource       : HikariPool-1 - Shutdown completed.
2024-09-18T00:02:43.817+03:00  INFO 8604 --- [GoFarBot] [restartedMain] o.apache.catalina.core.StandardService   : Stopping service [Tomcat]
2024-09-18T00:02:43.829+03:00  INFO 8604 --- [GoFarBot] [restartedMain] .s.b.a.l.ConditionEvaluationReportLogger : 

Error starting ApplicationContext. To display the condition evaluation report re-run your application with 'debug' enabled.
2024-09-18T00:02:43.849+03:00 ERROR 8604 --- [GoFarBot] [restartedMain] o.s.boot.SpringApplication               : Application run failed

org.springframework.beans.factory.BeanCreationException: Error creating bean with name 'entityManagerFactory' defined in class path resource [org/springframework/boot/autoconfigure/orm/jpa/HibernateJpaConfiguration.class]: Failed to initialize dependency 'liquibase' of LoadTimeWeaverAware bean 'entityManagerFactory': Error creating bean with name 'liquibase' defined in class path resource [org/springframework/boot/autoconfigure/liquibase/LiquibaseAutoConfiguration$LiquibaseConfiguration.class]: liquibase.exception.CommandExecutionException: liquibase.exception.ChangeLogParseException: Error parsing classpath:/db/changelog/db.changelog-master.yaml : Syntax error in file db/changelog/changeset/insert-notification-values.yaml: while parsing a block mapping
 in 'reader', line 10, column 19:
                      name: text
                      ^
expected <block end>, but found '<block mapping start>'
 in 'reader', line 13, column 21:
                        Поговорим о том как подготовитьс ... 
                        ^

	at org.springframework.beans.factory.support.AbstractBeanFactory.doGetBean(AbstractBeanFactory.java:326) ~[spring-beans-6.1.12.jar:6.1.12]
	at org.springframework.beans.factory.support.AbstractBeanFactory.getBean(AbstractBeanFactory.java:205) ~[spring-beans-6.1.12.jar:6.1.12]
	at org.springframework.context.support.AbstractApplicationContext.finishBeanFactoryInitialization(AbstractApplicationContext.java:954) ~[spring-context-6.1.12.jar:6.1.12]
	at org.springframework.context.support.AbstractApplicationContext.refresh(AbstractApplicationContext.java:625) ~[spring-context-6.1.12.jar:6.1.12]
	at org.springframework.boot.web.servlet.context.ServletWebServerApplicationContext.refresh(ServletWebServerApplicationContext.java:146) ~[spring-boot-3.3.3.jar:3.3.3]
	at org.springframework.boot.SpringApplication.refresh(SpringApplication.java:754) ~[spring-boot-3.3.3.jar:3.3.3]
	at org.springframework.boot.SpringApplication.refreshContext(SpringApplication.java:456) ~[spring-boot-3.3.3.jar:3.3.3]
	at org.springframework.boot.SpringApplication.run(SpringApplication.java:335) ~[spring-boot-3.3.3.jar:3.3.3]
	at org.springframework.boot.SpringApplication.run(SpringApplication.java:1363) ~[spring-boot-3.3.3.jar:3.3.3]
	at org.springframework.boot.SpringApplication.run(SpringApplication.java:1352) ~[spring-boot-3.3.3.jar:3.3.3]
	at com.example.gofarbot.GoFarBotApplication.main(GoFarBotApplication.java:11) ~[classes/:na]
	at java.base/jdk.internal.reflect.NativeMethodAccessorImpl.invoke0(Native Method) ~[na:na]
	at java.base/jdk.internal.reflect.NativeMethodAccessorImpl.invoke(NativeMethodAccessorImpl.java:77) ~[na:na]
	at java.base/jdk.internal.reflect.DelegatingMethodAccessorImpl.invoke(DelegatingMethodAccessorImpl.java:43) ~[na:na]
	at java.base/java.lang.reflect.Method.invoke(Method.java:568) ~[na:na]
	at org.springframework.boot.devtools.restart.RestartLauncher.run(RestartLauncher.java:50) ~[spring-boot-devtools-3.3.3.jar:3.3.3]
Caused by: org.springframework.beans.factory.BeanCreationException: Error creating bean with name 'liquibase' defined in class path resource [org/springframework/boot/autoconfigure/liquibase/LiquibaseAutoConfiguration$LiquibaseConfiguration.class]: liquibase.exception.CommandExecutionException: liquibase.exception.ChangeLogParseException: Error parsing classpath:/db/changelog/db.changelog-master.yaml : Syntax error in file db/changelog/changeset/insert-notification-values.yaml: while parsing a block mapping
 in 'reader', line 10, column 19:
                      name: text
                      ^
expected <block end>, but found '<block mapping start>'
 in 'reader', line 13, column 21:
                        Поговорим о том как подготовитьс ... 
                        ^

	at org.springframework.beans.factory.support.AbstractAutowireCapableBeanFactory.initializeBean(AbstractAutowireCapableBeanFactory.java:1806) ~[spring-beans-6.1.12.jar:6.1.12]
	at org.springframework.beans.factory.support.AbstractAutowireCapableBeanFactory.doCreateBean(AbstractAutowireCapableBeanFactory.java:600) ~[spring-beans-6.1.12.jar:6.1.12]
	at org.springframework.beans.factory.support.AbstractAutowireCapableBeanFactory.createBean(AbstractAutowireCapableBeanFactory.java:522) ~[spring-beans-6.1.12.jar:6.1.12]
	at org.springframework.beans.factory.support.AbstractBeanFactory.lambda$doGetBean$0(AbstractBeanFactory.java:337) ~[spring-beans-6.1.12.jar:6.1.12]
	at org.springframework.beans.factory.support.DefaultSingletonBeanRegistry.getSingleton(DefaultSingletonBeanRegistry.java:234) ~[spring-beans-6.1.12.jar:6.1.12]
	at org.springframework.beans.factory.support.AbstractBeanFactory.doGetBean(AbstractBeanFactory.java:335) ~[spring-beans-6.1.12.jar:6.1.12]
	at org.springframework.beans.factory.support.AbstractBeanFactory.getBean(AbstractBeanFactory.java:200) ~[spring-beans-6.1.12.jar:6.1.12]
	at org.springframework.beans.factory.support.AbstractBeanFactory.doGetBean(AbstractBeanFactory.java:313) ~[spring-beans-6.1.12.jar:6.1.12]
	... 15 common frames omitted
Caused by: liquibase.exception.UnexpectedLiquibaseException: liquibase.exception.CommandExecutionException: liquibase.exception.ChangeLogParseException: Error parsing classpath:/db/changelog/db.changelog-master.yaml : Syntax error in file db/changelog/changeset/insert-notification-values.yaml: while parsing a block mapping
 in 'reader', line 10, column 19:
                      name: text
                      ^
expected <block end>, but found '<block mapping start>'
 in 'reader', line 13, column 21:
                        Поговорим о том как подготовитьс ... 
                        ^

	at liquibase.integration.spring.SpringLiquibase.afterPropertiesSet(SpringLiquibase.java:259) ~[liquibase-core-4.27.0.jar:na]
	at org.springframework.beans.factory.support.AbstractAutowireCapableBeanFactory.invokeInitMethods(AbstractAutowireCapableBeanFactory.java:1853) ~[spring-beans-6.1.12.jar:6.1.12]
	at org.springframework.beans.factory.support.AbstractAutowireCapableBeanFactory.initializeBean(AbstractAutowireCapableBeanFactory.java:1802) ~[spring-beans-6.1.12.jar:6.1.12]
	... 22 common frames omitted
Caused by: liquibase.exception.CommandExecutionException: liquibase.exception.ChangeLogParseException: Error parsing classpath:/db/changelog/db.changelog-master.yaml : Syntax error in file db/changelog/changeset/insert-notification-values.yaml: while parsing a block mapping
 in 'reader', line 10, column 19:
                      name: text
                      ^
expected <block end>, but found '<block mapping start>'
 in 'reader', line 13, column 21:
                        Поговорим о том как подготовитьс ... 
                        ^

	at liquibase.command.CommandScope.execute(CommandScope.java:257) ~[liquibase-core-4.27.0.jar:na]
	at liquibase.Liquibase.lambda$update$0(Liquibase.java:245) ~[liquibase-core-4.27.0.jar:na]
	at liquibase.Scope.lambda$child$0(Scope.java:190) ~[liquibase-core-4.27.0.jar:na]
	at liquibase.Scope.child(Scope.java:199) ~[liquibase-core-4.27.0.jar:na]
	at liquibase.Scope.child(Scope.java:189) ~[liquibase-core-4.27.0.jar:na]
	at liquibase.Scope.child(Scope.java:168) ~[liquibase-core-4.27.0.jar:na]
	at liquibase.Liquibase.runInScope(Liquibase.java:1436) ~[liquibase-core-4.27.0.jar:na]
	at liquibase.Liquibase.update(Liquibase.java:234) ~[liquibase-core-4.27.0.jar:na]
	at liquibase.Liquibase.update(Liquibase.java:212) ~[liquibase-core-4.27.0.jar:na]
	at liquibase.integration.spring.SpringLiquibase.performUpdate(SpringLiquibase.java:297) ~[liquibase-core-4.27.0.jar:na]
	at liquibase.integration.spring.SpringLiquibase.lambda$afterPropertiesSet$0(SpringLiquibase.java:249) ~[liquibase-core-4.27.0.jar:na]
	at liquibase.Scope.lambda$child$0(Scope.java:190) ~[liquibase-core-4.27.0.jar:na]
	at liquibase.Scope.child(Scope.java:199) ~[liquibase-core-4.27.0.jar:na]
	at liquibase.Scope.child(Scope.java:189) ~[liquibase-core-4.27.0.jar:na]
	at liquibase.Scope.child(Scope.java:168) ~[liquibase-core-4.27.0.jar:na]
	at liquibase.Scope.child(Scope.java:256) ~[liquibase-core-4.27.0.jar:na]
	at liquibase.integration.spring.SpringLiquibase.afterPropertiesSet(SpringLiquibase.java:242) ~[liquibase-core-4.27.0.jar:na]
	... 24 common frames omitted
Caused by: liquibase.exception.ChangeLogParseException: Error parsing classpath:/db/changelog/db.changelog-master.yaml : Syntax error in file db/changelog/changeset/insert-notification-values.yaml: while parsing a block mapping
 in 'reader', line 10, column 19:
                      name: text
                      ^
expected <block end>, but found '<block mapping start>'
 in 'reader', line 13, column 21:
                        Поговорим о том как подготовитьс ... 
                        ^

	at liquibase.parser.core.yaml.YamlChangeLogParser.parse(YamlChangeLogParser.java:96) ~[liquibase-core-4.27.0.jar:na]
	at liquibase.command.core.helpers.DatabaseChangelogCommandStep.lambda$getDatabaseChangeLog$0(DatabaseChangelogCommandStep.java:129) ~[liquibase-core-4.27.0.jar:na]
	at liquibase.Scope.child(Scope.java:199) ~[liquibase-core-4.27.0.jar:na]
	at liquibase.Scope.child(Scope.java:175) ~[liquibase-core-4.27.0.jar:na]
	at liquibase.command.core.helpers.DatabaseChangelogCommandStep.getDatabaseChangeLog(DatabaseChangelogCommandStep.java:128) ~[liquibase-core-4.27.0.jar:na]
	at liquibase.command.core.helpers.DatabaseChangelogCommandStep.run(DatabaseChangelogCommandStep.java:87) ~[liquibase-core-4.27.0.jar:na]
	at liquibase.command.CommandScope.execute(CommandScope.java:219) ~[liquibase-core-4.27.0.jar:na]
	... 40 common frames omitted
Caused by: liquibase.exception.SetupException: Syntax error in file db/changelog/changeset/insert-notification-values.yaml: while parsing a block mapping
 in 'reader', line 10, column 19:
                      name: text
                      ^
expected <block end>, but found '<block mapping start>'
 in 'reader', line 13, column 21:
                        Поговорим о том как подготовитьс ... 
                        ^

	at liquibase.changelog.DatabaseChangeLog.handleChildNode(DatabaseChangeLog.java:465) ~[liquibase-core-4.27.0.jar:na]
	at liquibase.changelog.DatabaseChangeLog.load(DatabaseChangeLog.java:390) ~[liquibase-core-4.27.0.jar:na]
	at liquibase.parser.core.yaml.YamlChangeLogParser.parse(YamlChangeLogParser.java:90) ~[liquibase-core-4.27.0.jar:na]
	... 46 common frames omitted
Caused by: liquibase.exception.LiquibaseException: Syntax error in file db/changelog/changeset/insert-notification-values.yaml: while parsing a block mapping
 in 'reader', line 10, column 19:
                      name: text
                      ^
expected <block end>, but found '<block mapping start>'
 in 'reader', line 13, column 21:
                        Поговорим о том как подготовитьс ... 
                        ^

	at liquibase.changelog.DatabaseChangeLog.include(DatabaseChangeLog.java:987) ~[liquibase-core-4.27.0.jar:na]
	at liquibase.changelog.DatabaseChangeLog.handleChildNode(DatabaseChangeLog.java:455) ~[liquibase-core-4.27.0.jar:na]
	... 48 common frames omitted
Caused by: liquibase.exception.ChangeLogParseException: Syntax error in file db/changelog/changeset/insert-notification-values.yaml: while parsing a block mapping
 in 'reader', line 10, column 19:
                      name: text
                      ^
expected <block end>, but found '<block mapping start>'
 in 'reader', line 13, column 21:
                        Поговорим о том как подготовитьс ... 
                        ^

	at liquibase.parser.core.yaml.YamlChangeLogParser.parseYamlStream(YamlChangeLogParser.java:105) ~[liquibase-core-4.27.0.jar:na]
	at liquibase.parser.core.yaml.YamlChangeLogParser.parse(YamlChangeLogParser.java:40) ~[liquibase-core-4.27.0.jar:na]
	at liquibase.changelog.DatabaseChangeLog.include(DatabaseChangeLog.java:959) ~[liquibase-core-4.27.0.jar:na]
	... 49 common frames omitted
Caused by: org.yaml.snakeyaml.parser.ParserException: while parsing a block mapping
 in 'reader', line 10, column 19:
                      name: text
                      ^
expected <block end>, but found '<block mapping start>'
 in 'reader', line 13, column 21:
                        Поговорим о том как подготовитьс ... 
                        ^

	at org.yaml.snakeyaml.parser.ParserImpl$ParseBlockMappingKey.produce(ParserImpl.java:654) ~[snakeyaml-2.2.jar:na]
	at org.yaml.snakeyaml.parser.ParserImpl.peekEvent(ParserImpl.java:161) ~[snakeyaml-2.2.jar:na]
	at org.yaml.snakeyaml.comments.CommentEventsCollector$1.peek(CommentEventsCollector.java:57) ~[snakeyaml-2.2.jar:na]
	at org.yaml.snakeyaml.comments.CommentEventsCollector$1.peek(CommentEventsCollector.java:43) ~[snakeyaml-2.2.jar:na]
	at org.yaml.snakeyaml.comments.CommentEventsCollector.collectEvents(CommentEventsCollector.java:136) ~[snakeyaml-2.2.jar:na]
	at org.yaml.snakeyaml.comments.CommentEventsCollector.collectEvents(CommentEventsCollector.java:116) ~[snakeyaml-2.2.jar:na]
	at org.yaml.snakeyaml.composer.Composer.composeScalarNode(Composer.java:241) ~[snakeyaml-2.2.jar:na]
	at org.yaml.snakeyaml.composer.Composer.composeNode(Composer.java:205) ~[snakeyaml-2.2.jar:na]
	at org.yaml.snakeyaml.composer.Composer.composeValueNode(Composer.java:369) ~[snakeyaml-2.2.jar:na]
	at org.yaml.snakeyaml.composer.Composer.composeMappingChildren(Composer.java:348) ~[snakeyaml-2.2.jar:na]
	at org.yaml.snakeyaml.composer.Composer.composeMappingNode(Composer.java:323) ~[snakeyaml-2.2.jar:na]
	at org.yaml.snakeyaml.composer.Composer.composeNode(Composer.java:209) ~[snakeyaml-2.2.jar:na]
	at org.yaml.snakeyaml.composer.Composer.composeValueNode(Composer.java:369) ~[snakeyaml-2.2.jar:na]
	at org.yaml.snakeyaml.composer.Composer.composeMappingChildren(Composer.java:348) ~[snakeyaml-2.2.jar:na]
	at org.yaml.snakeyaml.composer.Composer.composeMappingNode(Composer.java:323) ~[snakeyaml-2.2.jar:na]
	at org.yaml.snakeyaml.composer.Composer.composeNode(Composer.java:209) ~[snakeyaml-2.2.jar:na]
	at org.yaml.snakeyaml.composer.Composer.composeSequenceNode(Composer.java:277) ~[snakeyaml-2.2.jar:na]
	at org.yaml.snakeyaml.composer.Composer.composeNode(Composer.java:207) ~[snakeyaml-2.2.jar:na]
	at org.yaml.snakeyaml.composer.Composer.composeValueNode(Composer.java:369) ~[snakeyaml-2.2.jar:na]
	at org.yaml.snakeyaml.composer.Composer.composeMappingChildren(Composer.java:348) ~[snakeyaml-2.2.jar:na]
	at org.yaml.snakeyaml.composer.Composer.composeMappingNode(Composer.java:323) ~[snakeyaml-2.2.jar:na]
	at org.yaml.snakeyaml.composer.Composer.composeNode(Composer.java:209) ~[snakeyaml-2.2.jar:na]
	at org.yaml.snakeyaml.composer.Composer.composeValueNode(Composer.java:369) ~[snakeyaml-2.2.jar:na]
	at org.yaml.snakeyaml.composer.Composer.composeMappingChildren(Composer.java:348) ~[snakeyaml-2.2.jar:na]
	at org.yaml.snakeyaml.composer.Composer.composeMappingNode(Composer.java:323) ~[snakeyaml-2.2.jar:na]
	at org.yaml.snakeyaml.composer.Composer.composeNode(Composer.java:209) ~[snakeyaml-2.2.jar:na]
	at org.yaml.snakeyaml.composer.Composer.composeSequenceNode(Composer.java:277) ~[snakeyaml-2.2.jar:na]
	at org.yaml.snakeyaml.composer.Composer.composeNode(Composer.java:207) ~[snakeyaml-2.2.jar:na]
	at org.yaml.snakeyaml.composer.Composer.composeValueNode(Composer.java:369) ~[snakeyaml-2.2.jar:na]
	at org.yaml.snakeyaml.composer.Composer.composeMappingChildren(Composer.java:348) ~[snakeyaml-2.2.jar:na]
	at org.yaml.snakeyaml.composer.Composer.composeMappingNode(Composer.java:323) ~[snakeyaml-2.2.jar:na]
	at org.yaml.snakeyaml.composer.Composer.composeNode(Composer.java:209) ~[snakeyaml-2.2.jar:na]
	at org.yaml.snakeyaml.composer.Composer.composeValueNode(Composer.java:369) ~[snakeyaml-2.2.jar:na]
	at org.yaml.snakeyaml.composer.Composer.composeMappingChildren(Composer.java:348) ~[snakeyaml-2.2.jar:na]
	at org.yaml.snakeyaml.composer.Composer.composeMappingNode(Composer.java:323) ~[snakeyaml-2.2.jar:na]
	at org.yaml.snakeyaml.composer.Composer.composeNode(Composer.java:209) ~[snakeyaml-2.2.jar:na]
	at org.yaml.snakeyaml.composer.Composer.composeSequenceNode(Composer.java:277) ~[snakeyaml-2.2.jar:na]
	at org.yaml.snakeyaml.composer.Composer.composeNode(Composer.java:207) ~[snakeyaml-2.2.jar:na]
	at org.yaml.snakeyaml.composer.Composer.composeValueNode(Composer.java:369) ~[snakeyaml-2.2.jar:na]
	at org.yaml.snakeyaml.composer.Composer.composeMappingChildren(Composer.java:348) ~[snakeyaml-2.2.jar:na]
	at org.yaml.snakeyaml.composer.Composer.composeMappingNode(Composer.java:323) ~[snakeyaml-2.2.jar:na]
	at org.yaml.snakeyaml.composer.Composer.composeNode(Composer.java:209) ~[snakeyaml-2.2.jar:na]
	at org.yaml.snakeyaml.composer.Composer.getNode(Composer.java:131) ~[snakeyaml-2.2.jar:na]
	at org.yaml.snakeyaml.composer.Composer.getSingleNode(Composer.java:157) ~[snakeyaml-2.2.jar:na]
	at org.yaml.snakeyaml.constructor.BaseConstructor.getSingleData(BaseConstructor.java:178) ~[snakeyaml-2.2.jar:na]
	at org.yaml.snakeyaml.Yaml.loadFromReader(Yaml.java:493) ~[snakeyaml-2.2.jar:na]
	at org.yaml.snakeyaml.Yaml.load(Yaml.java:434) ~[snakeyaml-2.2.jar:na]
	at liquibase.parser.core.yaml.YamlChangeLogParser.parseYamlStream(YamlChangeLogParser.java:103) ~[liquibase-core-4.27.0.jar:na]
	... 51 common frames omitted

2024-09-18T00:05:41.786+03:00  INFO 28880 --- [GoFarBot] [restartedMain] c.example.gofarbot.GoFarBotApplication   : Starting GoFarBotApplication using Java 17.0.2 with PID 28880 (C:\Users\Сева Счетов\IdeaProjects\GoFarBot\target\classes started by Сева Счетов in C:\Users\Сева Счетов\IdeaProjects\GoFarBot)
2024-09-18T00:05:41.790+03:00  INFO 28880 --- [GoFarBot] [restartedMain] c.example.gofarbot.GoFarBotApplication   : No active profile set, falling back to 1 default profile: "default"
2024-09-18T00:05:41.842+03:00  INFO 28880 --- [GoFarBot] [restartedMain] .e.DevToolsPropertyDefaultsPostProcessor : Devtools property defaults active! Set 'spring.devtools.add-properties' to 'false' to disable
2024-09-18T00:05:41.843+03:00  INFO 28880 --- [GoFarBot] [restartedMain] .e.DevToolsPropertyDefaultsPostProcessor : For additional web related logging consider setting the 'logging.level.web' property to 'DEBUG'
2024-09-18T00:05:42.536+03:00  INFO 28880 --- [GoFarBot] [restartedMain] .s.d.r.c.RepositoryConfigurationDelegate : Bootstrapping Spring Data JPA repositories in DEFAULT mode.
2024-09-18T00:05:42.609+03:00  INFO 28880 --- [GoFarBot] [restartedMain] .s.d.r.c.RepositoryConfigurationDelegate : Finished Spring Data repository scanning in 65 ms. Found 4 JPA repository interfaces.
2024-09-18T00:05:43.420+03:00  INFO 28880 --- [GoFarBot] [restartedMain] o.s.b.w.embedded.tomcat.TomcatWebServer  : Tomcat initialized with port 8080 (http)
2024-09-18T00:05:43.434+03:00  INFO 28880 --- [GoFarBot] [restartedMain] o.apache.catalina.core.StandardService   : Starting service [Tomcat]
2024-09-18T00:05:43.435+03:00  INFO 28880 --- [GoFarBot] [restartedMain] o.apache.catalina.core.StandardEngine    : Starting Servlet engine: [Apache Tomcat/10.1.28]
2024-09-18T00:05:43.505+03:00  INFO 28880 --- [GoFarBot] [restartedMain] o.a.c.c.C.[Tomcat].[localhost].[/]       : Initializing Spring embedded WebApplicationContext
2024-09-18T00:05:43.506+03:00  INFO 28880 --- [GoFarBot] [restartedMain] w.s.c.ServletWebServerApplicationContext : Root WebApplicationContext: initialization completed in 1662 ms
2024-09-18T00:05:43.667+03:00  INFO 28880 --- [GoFarBot] [restartedMain] com.zaxxer.hikari.HikariDataSource       : HikariPool-1 - Starting...
2024-09-18T00:05:43.847+03:00  INFO 28880 --- [GoFarBot] [restartedMain] com.zaxxer.hikari.pool.HikariPool        : HikariPool-1 - Added connection org.postgresql.jdbc.PgConnection@1986ec70
2024-09-18T00:05:43.848+03:00  INFO 28880 --- [GoFarBot] [restartedMain] com.zaxxer.hikari.HikariDataSource       : HikariPool-1 - Start completed.
2024-09-18T00:05:44.015+03:00  INFO 28880 --- [GoFarBot] [restartedMain] liquibase.database                       : Set default schema name to public
2024-09-18T00:05:44.455+03:00  INFO 28880 --- [GoFarBot] [restartedMain] liquibase.changelog                      : Creating database history table with name: public.databasechangelog
2024-09-18T00:05:44.523+03:00  INFO 28880 --- [GoFarBot] [restartedMain] liquibase.changelog                      : Reading from public.databasechangelog
2024-09-18T00:05:44.650+03:00  INFO 28880 --- [GoFarBot] [restartedMain] liquibase.lockservice                    : Successfully acquired change log lock
2024-09-18T00:05:44.652+03:00  INFO 28880 --- [GoFarBot] [restartedMain] liquibase.command                        : Using deploymentId: 6607144651
2024-09-18T00:05:44.654+03:00  INFO 28880 --- [GoFarBot] [restartedMain] liquibase.changelog                      : Reading from public.databasechangelog
2024-09-18T00:05:44.712+03:00  INFO 28880 --- [GoFarBot] [restartedMain] liquibase.ui                             : Running Changeset: db/changelog/changeset/create-file-table.yaml::1::vsevolod schetov
2024-09-18T00:05:44.725+03:00  INFO 28880 --- [GoFarBot] [restartedMain] liquibase.changelog                      : Table files created
2024-09-18T00:05:44.726+03:00  INFO 28880 --- [GoFarBot] [restartedMain] liquibase.changelog                      : ChangeSet db/changelog/changeset/create-file-table.yaml::1::vsevolod schetov ran successfully in 13ms
2024-09-18T00:05:44.731+03:00  INFO 28880 --- [GoFarBot] [restartedMain] liquibase.ui                             : Running Changeset: db/changelog/changeset/create-type_link-table.yaml::2::vsevolod schetov
2024-09-18T00:05:44.739+03:00  INFO 28880 --- [GoFarBot] [restartedMain] liquibase.changelog                      : Table types_link created
2024-09-18T00:05:44.740+03:00  INFO 28880 --- [GoFarBot] [restartedMain] liquibase.changelog                      : ChangeSet db/changelog/changeset/create-type_link-table.yaml::2::vsevolod schetov ran successfully in 8ms
2024-09-18T00:05:44.743+03:00  INFO 28880 --- [GoFarBot] [restartedMain] liquibase.ui                             : Running Changeset: db/changelog/changeset/create-link-table.yaml::3::vsevolod schetov
2024-09-18T00:05:44.752+03:00  INFO 28880 --- [GoFarBot] [restartedMain] liquibase.changelog                      : Table links created
2024-09-18T00:05:44.758+03:00  INFO 28880 --- [GoFarBot] [restartedMain] liquibase.changelog                      : Foreign key constraint added to links (type)
2024-09-18T00:05:44.761+03:00  INFO 28880 --- [GoFarBot] [restartedMain] liquibase.changelog                      : ChangeSet db/changelog/changeset/create-link-table.yaml::3::vsevolod schetov ran successfully in 17ms
2024-09-18T00:05:44.763+03:00  INFO 28880 --- [GoFarBot] [restartedMain] liquibase.ui                             : Running Changeset: db/changelog/changeset/create-dialog_state-table.yaml::4::vsevolod schetov
2024-09-18T00:05:44.768+03:00  INFO 28880 --- [GoFarBot] [restartedMain] liquibase.changelog                      : Table dialog_states created
2024-09-18T00:05:44.770+03:00  INFO 28880 --- [GoFarBot] [restartedMain] liquibase.changelog                      : ChangeSet db/changelog/changeset/create-dialog_state-table.yaml::4::vsevolod schetov ran successfully in 6ms
2024-09-18T00:05:44.775+03:00  INFO 28880 --- [GoFarBot] [restartedMain] liquibase.ui                             : Running Changeset: db/changelog/changeset/create-message-table.yaml::5::vsevolod schetov
2024-09-18T00:05:44.786+03:00  INFO 28880 --- [GoFarBot] [restartedMain] liquibase.changelog                      : Table messages created
2024-09-18T00:05:44.790+03:00  INFO 28880 --- [GoFarBot] [restartedMain] liquibase.changelog                      : Foreign key constraint added to messages (dialog)
2024-09-18T00:05:44.792+03:00  INFO 28880 --- [GoFarBot] [restartedMain] liquibase.changelog                      : Foreign key constraint added to messages (file)
2024-09-18T00:05:44.793+03:00  INFO 28880 --- [GoFarBot] [restartedMain] liquibase.changelog                      : ChangeSet db/changelog/changeset/create-message-table.yaml::5::vsevolod schetov ran successfully in 18ms
2024-09-18T00:05:44.798+03:00  INFO 28880 --- [GoFarBot] [restartedMain] liquibase.ui                             : Running Changeset: db/changelog/changeset/create-message_link_rel-table.yaml::6::vsevolod schetov
2024-09-18T00:05:44.802+03:00  INFO 28880 --- [GoFarBot] [restartedMain] liquibase.changelog                      : Table messages_links_rel created
2024-09-18T00:05:44.806+03:00  INFO 28880 --- [GoFarBot] [restartedMain] liquibase.changelog                      : Foreign key constraint added to messages_links_rel (message)
2024-09-18T00:05:44.809+03:00  INFO 28880 --- [GoFarBot] [restartedMain] liquibase.changelog                      : Foreign key constraint added to messages_links_rel (link)
2024-09-18T00:05:44.810+03:00  INFO 28880 --- [GoFarBot] [restartedMain] liquibase.changelog                      : ChangeSet db/changelog/changeset/create-message_link_rel-table.yaml::6::vsevolod schetov ran successfully in 12ms
2024-09-18T00:05:44.812+03:00  INFO 28880 --- [GoFarBot] [restartedMain] liquibase.ui                             : Running Changeset: db/changelog/changeset/create-user-table.yaml::7::vsevolod schetov
2024-09-18T00:05:44.819+03:00  INFO 28880 --- [GoFarBot] [restartedMain] liquibase.changelog                      : Table users created
2024-09-18T00:05:44.821+03:00  INFO 28880 --- [GoFarBot] [restartedMain] liquibase.changelog                      : Foreign key constraint added to users (state)
2024-09-18T00:05:44.822+03:00  INFO 28880 --- [GoFarBot] [restartedMain] liquibase.changelog                      : ChangeSet db/changelog/changeset/create-user-table.yaml::7::vsevolod schetov ran successfully in 9ms
2024-09-18T00:05:44.824+03:00  INFO 28880 --- [GoFarBot] [restartedMain] liquibase.ui                             : Running Changeset: db/changelog/changeset/insert-dialog_state-values.yaml::8::vsevolod schetov
2024-09-18T00:05:44.826+03:00  INFO 28880 --- [GoFarBot] [restartedMain] liquibase.changelog                      : New row inserted into dialog_states
2024-09-18T00:05:44.827+03:00  INFO 28880 --- [GoFarBot] [restartedMain] liquibase.changelog                      : New row inserted into dialog_states
2024-09-18T00:05:44.828+03:00  INFO 28880 --- [GoFarBot] [restartedMain] liquibase.changelog                      : New row inserted into dialog_states
2024-09-18T00:05:44.829+03:00  INFO 28880 --- [GoFarBot] [restartedMain] liquibase.changelog                      : New row inserted into dialog_states
2024-09-18T00:05:44.830+03:00  INFO 28880 --- [GoFarBot] [restartedMain] liquibase.changelog                      : New row inserted into dialog_states
2024-09-18T00:05:44.830+03:00  INFO 28880 --- [GoFarBot] [restartedMain] liquibase.changelog                      : New row inserted into dialog_states
2024-09-18T00:05:44.832+03:00  INFO 28880 --- [GoFarBot] [restartedMain] liquibase.changelog                      : New row inserted into dialog_states
2024-09-18T00:05:44.832+03:00  INFO 28880 --- [GoFarBot] [restartedMain] liquibase.changelog                      : ChangeSet db/changelog/changeset/insert-dialog_state-values.yaml::8::vsevolod schetov ran successfully in 7ms
2024-09-18T00:05:44.834+03:00  INFO 28880 --- [GoFarBot] [restartedMain] liquibase.ui                             : Running Changeset: db/changelog/changeset/insert-messages_first-values.yaml::9::vsevolod schetov
2024-09-18T00:05:44.836+03:00  INFO 28880 --- [GoFarBot] [restartedMain] liquibase.changelog                      : New row inserted into messages
2024-09-18T00:05:44.837+03:00  INFO 28880 --- [GoFarBot] [restartedMain] liquibase.changelog                      : ChangeSet db/changelog/changeset/insert-messages_first-values.yaml::9::vsevolod schetov ran successfully in 3ms
2024-09-18T00:05:44.840+03:00  INFO 28880 --- [GoFarBot] [restartedMain] liquibase.ui                             : Running Changeset: db/changelog/changeset/insert-types_link-values.yaml::10::vsevolod schetov
2024-09-18T00:05:44.841+03:00  INFO 28880 --- [GoFarBot] [restartedMain] liquibase.changelog                      : New row inserted into types_link
2024-09-18T00:05:44.842+03:00  INFO 28880 --- [GoFarBot] [restartedMain] liquibase.changelog                      : New row inserted into types_link
2024-09-18T00:05:44.843+03:00  INFO 28880 --- [GoFarBot] [restartedMain] liquibase.changelog                      : New row inserted into types_link
2024-09-18T00:05:44.845+03:00  INFO 28880 --- [GoFarBot] [restartedMain] liquibase.changelog                      : New row inserted into types_link
2024-09-18T00:05:44.845+03:00  INFO 28880 --- [GoFarBot] [restartedMain] liquibase.changelog                      : ChangeSet db/changelog/changeset/insert-types_link-values.yaml::10::vsevolod schetov ran successfully in 5ms
2024-09-18T00:05:44.851+03:00  INFO 28880 --- [GoFarBot] [restartedMain] liquibase.ui                             : Running Changeset: db/changelog/changeset/insert-messages_information-values.yaml::11::vsevolod schetov
2024-09-18T00:05:44.853+03:00  INFO 28880 --- [GoFarBot] [restartedMain] liquibase.changelog                      : New row inserted into messages
2024-09-18T00:05:44.854+03:00  INFO 28880 --- [GoFarBot] [restartedMain] liquibase.changelog                      : New row inserted into messages
2024-09-18T00:05:44.855+03:00  INFO 28880 --- [GoFarBot] [restartedMain] liquibase.changelog                      : New row inserted into messages
2024-09-18T00:05:44.857+03:00  INFO 28880 --- [GoFarBot] [restartedMain] liquibase.changelog                      : New row inserted into links
2024-09-18T00:05:44.858+03:00  INFO 28880 --- [GoFarBot] [restartedMain] liquibase.changelog                      : New row inserted into messages_links_rel
2024-09-18T00:05:44.859+03:00  INFO 28880 --- [GoFarBot] [restartedMain] liquibase.changelog                      : New row inserted into messages
2024-09-18T00:05:44.861+03:00  INFO 28880 --- [GoFarBot] [restartedMain] liquibase.changelog                      : New row inserted into links
2024-09-18T00:05:44.862+03:00  INFO 28880 --- [GoFarBot] [restartedMain] liquibase.changelog                      : New row inserted into messages_links_rel
2024-09-18T00:05:44.863+03:00  INFO 28880 --- [GoFarBot] [restartedMain] liquibase.changelog                      : New row inserted into messages
2024-09-18T00:05:44.864+03:00  INFO 28880 --- [GoFarBot] [restartedMain] liquibase.changelog                      : New row inserted into links
2024-09-18T00:05:44.865+03:00  INFO 28880 --- [GoFarBot] [restartedMain] liquibase.changelog                      : New row inserted into messages_links_rel
2024-09-18T00:05:44.866+03:00  INFO 28880 --- [GoFarBot] [restartedMain] liquibase.changelog                      : New row inserted into messages
2024-09-18T00:05:44.866+03:00  INFO 28880 --- [GoFarBot] [restartedMain] liquibase.changelog                      : New row inserted into links
2024-09-18T00:05:44.867+03:00  INFO 28880 --- [GoFarBot] [restartedMain] liquibase.changelog                      : New row inserted into links
2024-09-18T00:05:44.869+03:00  INFO 28880 --- [GoFarBot] [restartedMain] liquibase.changelog                      : New row inserted into links
2024-09-18T00:05:44.870+03:00  INFO 28880 --- [GoFarBot] [restartedMain] liquibase.changelog                      : New row inserted into links
2024-09-18T00:05:44.871+03:00  INFO 28880 --- [GoFarBot] [restartedMain] liquibase.changelog                      : New row inserted into messages_links_rel
2024-09-18T00:05:44.872+03:00  INFO 28880 --- [GoFarBot] [restartedMain] liquibase.changelog                      : New row inserted into messages_links_rel
2024-09-18T00:05:44.873+03:00  INFO 28880 --- [GoFarBot] [restartedMain] liquibase.changelog                      : New row inserted into messages_links_rel
2024-09-18T00:05:44.874+03:00  INFO 28880 --- [GoFarBot] [restartedMain] liquibase.changelog                      : New row inserted into messages_links_rel
2024-09-18T00:05:44.874+03:00  INFO 28880 --- [GoFarBot] [restartedMain] liquibase.changelog                      : New row inserted into messages
2024-09-18T00:05:44.875+03:00  INFO 28880 --- [GoFarBot] [restartedMain] liquibase.changelog                      : New row inserted into links
2024-09-18T00:05:44.876+03:00  INFO 28880 --- [GoFarBot] [restartedMain] liquibase.changelog                      : New row inserted into messages_links_rel
2024-09-18T00:05:44.877+03:00  INFO 28880 --- [GoFarBot] [restartedMain] liquibase.changelog                      : ChangeSet db/changelog/changeset/insert-messages_information-values.yaml::11::vsevolod schetov ran successfully in 25ms
2024-09-18T00:05:44.879+03:00  INFO 28880 --- [GoFarBot] [restartedMain] liquibase.ui                             : Running Changeset: db/changelog/changeset/create-conference-table.yaml::12::vsevolod schetov
2024-09-18T00:05:44.887+03:00  INFO 28880 --- [GoFarBot] [restartedMain] liquibase.changelog                      : Table conferences created
2024-09-18T00:05:44.888+03:00  INFO 28880 --- [GoFarBot] [restartedMain] liquibase.changelog                      : ChangeSet db/changelog/changeset/create-conference-table.yaml::12::vsevolod schetov ran successfully in 9ms
2024-09-18T00:05:44.891+03:00  INFO 28880 --- [GoFarBot] [restartedMain] liquibase.ui                             : Running Changeset: db/changelog/changeset/create-conference_user_rel-table.yaml::13::vsevolod schetov
2024-09-18T00:05:44.893+03:00  INFO 28880 --- [GoFarBot] [restartedMain] liquibase.changelog                      : Table conferences_users_rel created
2024-09-18T00:05:44.895+03:00  INFO 28880 --- [GoFarBot] [restartedMain] liquibase.changelog                      : Foreign key constraint added to conferences_users_rel (conference)
2024-09-18T00:05:44.898+03:00  INFO 28880 --- [GoFarBot] [restartedMain] liquibase.changelog                      : Foreign key constraint added to conferences_users_rel (user_id)
2024-09-18T00:05:44.899+03:00  INFO 28880 --- [GoFarBot] [restartedMain] liquibase.changelog                      : ChangeSet db/changelog/changeset/create-conference_user_rel-table.yaml::13::vsevolod schetov ran successfully in 7ms
2024-09-18T00:05:44.900+03:00  INFO 28880 --- [GoFarBot] [restartedMain] liquibase.ui                             : Running Changeset: db/changelog/changeset/create-notification_type-table.yaml::14::vsevolod schetov
2024-09-18T00:05:44.906+03:00  INFO 28880 --- [GoFarBot] [restartedMain] liquibase.changelog                      : Table notification_types created
2024-09-18T00:05:44.907+03:00  INFO 28880 --- [GoFarBot] [restartedMain] liquibase.changelog                      : ChangeSet db/changelog/changeset/create-notification_type-table.yaml::14::vsevolod schetov ran successfully in 6ms
2024-09-18T00:05:44.910+03:00  INFO 28880 --- [GoFarBot] [restartedMain] liquibase.ui                             : Running Changeset: db/changelog/changeset/create-notification-table.yaml::15::vsevolod schetov
2024-09-18T00:05:44.918+03:00  INFO 28880 --- [GoFarBot] [restartedMain] liquibase.changelog                      : Table notifications created
2024-09-18T00:05:44.921+03:00  INFO 28880 --- [GoFarBot] [restartedMain] liquibase.changelog                      : Foreign key constraint added to notifications (file)
2024-09-18T00:05:44.924+03:00  INFO 28880 --- [GoFarBot] [restartedMain] liquibase.changelog                      : Foreign key constraint added to notifications (type)
2024-09-18T00:05:44.924+03:00  INFO 28880 --- [GoFarBot] [restartedMain] liquibase.changelog                      : ChangeSet db/changelog/changeset/create-notification-table.yaml::15::vsevolod schetov ran successfully in 14ms
2024-09-18T00:05:44.927+03:00  INFO 28880 --- [GoFarBot] [restartedMain] liquibase.ui                             : Running Changeset: db/changelog/changeset/create-notification_link_rel-table.yaml::17::vsevolod schetov
2024-09-18T00:05:44.930+03:00  INFO 28880 --- [GoFarBot] [restartedMain] liquibase.changelog                      : Table notifications_links_rel created
2024-09-18T00:05:44.932+03:00  INFO 28880 --- [GoFarBot] [restartedMain] liquibase.changelog                      : Foreign key constraint added to notifications_links_rel (notification)
2024-09-18T00:05:44.935+03:00  INFO 28880 --- [GoFarBot] [restartedMain] liquibase.changelog                      : Foreign key constraint added to notifications_links_rel (link)
2024-09-18T00:05:44.936+03:00  INFO 28880 --- [GoFarBot] [restartedMain] liquibase.changelog                      : ChangeSet db/changelog/changeset/create-notification_link_rel-table.yaml::17::vsevolod schetov ran successfully in 9ms
2024-09-18T00:05:44.939+03:00  INFO 28880 --- [GoFarBot] [restartedMain] liquibase.ui                             : Running Changeset: db/changelog/changeset/create-conference_notification_rel-table.yaml::16::vsevolod schetov
2024-09-18T00:05:44.943+03:00  INFO 28880 --- [GoFarBot] [restartedMain] liquibase.changelog                      : Table conferences_notifications_rel created
2024-09-18T00:05:44.947+03:00  INFO 28880 --- [GoFarBot] [restartedMain] liquibase.changelog                      : Foreign key constraint added to conferences_notifications_rel (conference)
2024-09-18T00:05:44.949+03:00  INFO 28880 --- [GoFarBot] [restartedMain] liquibase.changelog                      : Foreign key constraint added to conferences_notifications_rel (notification)
2024-09-18T00:05:44.949+03:00  INFO 28880 --- [GoFarBot] [restartedMain] liquibase.changelog                      : ChangeSet db/changelog/changeset/create-conference_notification_rel-table.yaml::16::vsevolod schetov ran successfully in 10ms
2024-09-18T00:05:44.952+03:00  INFO 28880 --- [GoFarBot] [restartedMain] liquibase.ui                             : Running Changeset: db/changelog/changeset/insert-notification_types-values.yaml::18::vsevolod schetov
2024-09-18T00:05:44.954+03:00  INFO 28880 --- [GoFarBot] [restartedMain] liquibase.changelog                      : New row inserted into notification_types
2024-09-18T00:05:44.955+03:00  INFO 28880 --- [GoFarBot] [restartedMain] liquibase.changelog                      : New row inserted into notification_types
2024-09-18T00:05:44.957+03:00  INFO 28880 --- [GoFarBot] [restartedMain] liquibase.changelog                      : New row inserted into notification_types
2024-09-18T00:05:44.957+03:00  INFO 28880 --- [GoFarBot] [restartedMain] liquibase.changelog                      : New row inserted into notification_types
2024-09-18T00:05:44.958+03:00  INFO 28880 --- [GoFarBot] [restartedMain] liquibase.changelog                      : New row inserted into notification_types
2024-09-18T00:05:44.959+03:00  INFO 28880 --- [GoFarBot] [restartedMain] liquibase.changelog                      : New row inserted into notification_types
2024-09-18T00:05:44.960+03:00  INFO 28880 --- [GoFarBot] [restartedMain] liquibase.changelog                      : ChangeSet db/changelog/changeset/insert-notification_types-values.yaml::18::vsevolod schetov ran successfully in 6ms
2024-09-18T00:05:44.964+03:00  INFO 28880 --- [GoFarBot] [restartedMain] liquibase.ui                             : Running Changeset: db/changelog/changeset/insert-notification-values.yaml::19::vsevolod schetov
2024-09-18T00:05:44.968+03:00  INFO 28880 --- [GoFarBot] [restartedMain] liquibase.changelog                      : New row inserted into notifications
2024-09-18T00:05:44.970+03:00  INFO 28880 --- [GoFarBot] [restartedMain] liquibase.changelog                      : New row inserted into notifications
2024-09-18T00:05:44.971+03:00  INFO 28880 --- [GoFarBot] [restartedMain] liquibase.changelog                      : New row inserted into notifications
2024-09-18T00:05:44.973+03:00  INFO 28880 --- [GoFarBot] [restartedMain] liquibase.changelog                      : New row inserted into notifications
2024-09-18T00:05:44.974+03:00  INFO 28880 --- [GoFarBot] [restartedMain] liquibase.changelog                      : New row inserted into notifications
2024-09-18T00:05:44.976+03:00  INFO 28880 --- [GoFarBot] [restartedMain] liquibase.changelog                      : New row inserted into notifications
2024-09-18T00:05:44.976+03:00  INFO 28880 --- [GoFarBot] [restartedMain] liquibase.changelog                      : ChangeSet db/changelog/changeset/insert-notification-values.yaml::19::vsevolod schetov ran successfully in 12ms
2024-09-18T00:05:44.979+03:00  INFO 28880 --- [GoFarBot] [restartedMain] liquibase.ui                             : Running Changeset: db/changelog/changeset/insert-conference-values.yaml::20::vsevolod schetov
2024-09-18T00:05:44.982+03:00  INFO 28880 --- [GoFarBot] [restartedMain] liquibase.changelog                      : New row inserted into conferences
2024-09-18T00:05:44.984+03:00  INFO 28880 --- [GoFarBot] [restartedMain] liquibase.changelog                      : New row inserted into conferences_notifications_rel
2024-09-18T00:05:44.986+03:00  INFO 28880 --- [GoFarBot] [restartedMain] liquibase.changelog                      : New row inserted into conferences_notifications_rel
2024-09-18T00:05:44.987+03:00  INFO 28880 --- [GoFarBot] [restartedMain] liquibase.changelog                      : New row inserted into conferences_notifications_rel
2024-09-18T00:05:44.987+03:00  INFO 28880 --- [GoFarBot] [restartedMain] liquibase.changelog                      : New row inserted into conferences_notifications_rel
2024-09-18T00:05:44.988+03:00  INFO 28880 --- [GoFarBot] [restartedMain] liquibase.changelog                      : New row inserted into conferences_notifications_rel
2024-09-18T00:05:44.990+03:00  INFO 28880 --- [GoFarBot] [restartedMain] liquibase.changelog                      : New row inserted into conferences_notifications_rel
2024-09-18T00:05:44.990+03:00  INFO 28880 --- [GoFarBot] [restartedMain] liquibase.changelog                      : ChangeSet db/changelog/changeset/insert-conference-values.yaml::20::vsevolod schetov ran successfully in 11ms
2024-09-18T00:05:44.994+03:00  INFO 28880 --- [GoFarBot] [restartedMain] liquibase.ui                             : Running Changeset: db/changelog/changeset/insert-messages_registration-values.yaml::21::vsevolod schetov
2024-09-18T00:05:44.998+03:00 ERROR 28880 --- [GoFarBot] [restartedMain] liquibase.changelog                      : ChangeSet db/changelog/changeset/insert-messages_registration-values.yaml::21::vsevolod schetov encountered an exception.

liquibase.exception.DatabaseException: ОШИБКА: значение не умещается в тип character varying(1000) [Failed SQL: (0) INSERT INTO public.messages (number, text, dialog) VALUES ('1', 'Ты успешно зарегистрировался на серию вебинаров "Как поступить в Австрию в 2025 году"

Трансляция будет проходить в (название платформы).  Предварительная регистрация на платформе для участия не требуется
В день вебинара мы отправим ссылку на подключение в этот чат 🔗

Календарь видео-встреч:

🗓 04.10 (пятница) в 18:00 по МСК -  Поступление без знания языка. Самый простой способ релокации в Европу для школьников и студентов РФ и СНГ

🗓 05.10 (суббота) в 18:00 по МСК  - Поступление в университет на бакалавриат и магистратуру. Обучение на английском и немецком языке

🗓 06.10 (воскресенье) в 18:00 по МСК  - Практика и работа во время и после обучения. Все о жизни студента и о перспективах

После участия во всех 3-х вебинарах ты:
- будешь понимать, какой путь тебе предстоит пройти от идеи поступить до получения диплома в стране
- узнаешь сколько будет стоить обучение и жизнь в Австрии
- какие документы нужно собрать, сколько они готовятся и когда нужно начинать подготовку в зависимости от того, куда ты планируешь поступать
- выберешь специальность, направление подготовки и будущий город обучения. Узнаешь все о студенческой жизни в выбранном городе
- построишь индивидуальный план поступления в зависимости от города и специальности
', '2')]
	at liquibase.executor.jvm.JdbcExecutor$ExecuteStatementCallback.doInStatement(JdbcExecutor.java:473) ~[liquibase-core-4.27.0.jar:na]
	at liquibase.executor.jvm.JdbcExecutor.execute(JdbcExecutor.java:80) ~[liquibase-core-4.27.0.jar:na]
	at liquibase.executor.jvm.JdbcExecutor.execute(JdbcExecutor.java:182) ~[liquibase-core-4.27.0.jar:na]
	at liquibase.executor.AbstractExecutor.execute(AbstractExecutor.java:141) ~[liquibase-core-4.27.0.jar:na]
	at liquibase.database.AbstractJdbcDatabase.executeStatements(AbstractJdbcDatabase.java:1176) ~[liquibase-core-4.27.0.jar:na]
	at liquibase.changelog.ChangeSet.execute(ChangeSet.java:764) ~[liquibase-core-4.27.0.jar:na]
	at liquibase.changelog.visitor.UpdateVisitor.executeAcceptedChange(UpdateVisitor.java:119) ~[liquibase-core-4.27.0.jar:na]
	at liquibase.changelog.visitor.UpdateVisitor.visit(UpdateVisitor.java:68) ~[liquibase-core-4.27.0.jar:na]
	at liquibase.changelog.ChangeLogIterator$2.lambda$run$0(ChangeLogIterator.java:133) ~[liquibase-core-4.27.0.jar:na]
	at liquibase.Scope.lambda$child$0(Scope.java:190) ~[liquibase-core-4.27.0.jar:na]
	at liquibase.Scope.child(Scope.java:199) ~[liquibase-core-4.27.0.jar:na]
	at liquibase.Scope.child(Scope.java:189) ~[liquibase-core-4.27.0.jar:na]
	at liquibase.Scope.child(Scope.java:168) ~[liquibase-core-4.27.0.jar:na]
	at liquibase.changelog.ChangeLogIterator$2.run(ChangeLogIterator.java:122) ~[liquibase-core-4.27.0.jar:na]
	at liquibase.Scope.lambda$child$0(Scope.java:190) ~[liquibase-core-4.27.0.jar:na]
	at liquibase.Scope.child(Scope.java:199) ~[liquibase-core-4.27.0.jar:na]
	at liquibase.Scope.child(Scope.java:189) ~[liquibase-core-4.27.0.jar:na]
	at liquibase.Scope.child(Scope.java:168) ~[liquibase-core-4.27.0.jar:na]
	at liquibase.Scope.child(Scope.java:256) ~[liquibase-core-4.27.0.jar:na]
	at liquibase.Scope.child(Scope.java:260) ~[liquibase-core-4.27.0.jar:na]
	at liquibase.changelog.ChangeLogIterator.run(ChangeLogIterator.java:89) ~[liquibase-core-4.27.0.jar:na]
	at liquibase.command.core.AbstractUpdateCommandStep.lambda$run$0(AbstractUpdateCommandStep.java:112) ~[liquibase-core-4.27.0.jar:na]
	at liquibase.Scope.lambda$child$0(Scope.java:190) ~[liquibase-core-4.27.0.jar:na]
	at liquibase.Scope.child(Scope.java:199) ~[liquibase-core-4.27.0.jar:na]
	at liquibase.Scope.child(Scope.java:189) ~[liquibase-core-4.27.0.jar:na]
	at liquibase.Scope.child(Scope.java:168) ~[liquibase-core-4.27.0.jar:na]
	at liquibase.command.core.AbstractUpdateCommandStep.run(AbstractUpdateCommandStep.java:110) ~[liquibase-core-4.27.0.jar:na]
	at liquibase.command.core.UpdateCommandStep.run(UpdateCommandStep.java:105) ~[liquibase-core-4.27.0.jar:na]
	at liquibase.command.CommandScope.execute(CommandScope.java:219) ~[liquibase-core-4.27.0.jar:na]
	at liquibase.Liquibase.lambda$update$0(Liquibase.java:245) ~[liquibase-core-4.27.0.jar:na]
	at liquibase.Scope.lambda$child$0(Scope.java:190) ~[liquibase-core-4.27.0.jar:na]
	at liquibase.Scope.child(Scope.java:199) ~[liquibase-core-4.27.0.jar:na]
	at liquibase.Scope.child(Scope.java:189) ~[liquibase-core-4.27.0.jar:na]
	at liquibase.Scope.child(Scope.java:168) ~[liquibase-core-4.27.0.jar:na]
	at liquibase.Liquibase.runInScope(Liquibase.java:1436) ~[liquibase-core-4.27.0.jar:na]
	at liquibase.Liquibase.update(Liquibase.java:234) ~[liquibase-core-4.27.0.jar:na]
	at liquibase.Liquibase.update(Liquibase.java:212) ~[liquibase-core-4.27.0.jar:na]
	at liquibase.integration.spring.SpringLiquibase.performUpdate(SpringLiquibase.java:297) ~[liquibase-core-4.27.0.jar:na]
	at liquibase.integration.spring.SpringLiquibase.lambda$afterPropertiesSet$0(SpringLiquibase.java:249) ~[liquibase-core-4.27.0.jar:na]
	at liquibase.Scope.lambda$child$0(Scope.java:190) ~[liquibase-core-4.27.0.jar:na]
	at liquibase.Scope.child(Scope.java:199) ~[liquibase-core-4.27.0.jar:na]
	at liquibase.Scope.child(Scope.java:189) ~[liquibase-core-4.27.0.jar:na]
	at liquibase.Scope.child(Scope.java:168) ~[liquibase-core-4.27.0.jar:na]
	at liquibase.Scope.child(Scope.java:256) ~[liquibase-core-4.27.0.jar:na]
	at liquibase.integration.spring.SpringLiquibase.afterPropertiesSet(SpringLiquibase.java:242) ~[liquibase-core-4.27.0.jar:na]
	at org.springframework.beans.factory.support.AbstractAutowireCapableBeanFactory.invokeInitMethods(AbstractAutowireCapableBeanFactory.java:1853) ~[spring-beans-6.1.12.jar:6.1.12]
	at org.springframework.beans.factory.support.AbstractAutowireCapableBeanFactory.initializeBean(AbstractAutowireCapableBeanFactory.java:1802) ~[spring-beans-6.1.12.jar:6.1.12]
	at org.springframework.beans.factory.support.AbstractAutowireCapableBeanFactory.doCreateBean(AbstractAutowireCapableBeanFactory.java:600) ~[spring-beans-6.1.12.jar:6.1.12]
	at org.springframework.beans.factory.support.AbstractAutowireCapableBeanFactory.createBean(AbstractAutowireCapableBeanFactory.java:522) ~[spring-beans-6.1.12.jar:6.1.12]
	at org.springframework.beans.factory.support.AbstractBeanFactory.lambda$doGetBean$0(AbstractBeanFactory.java:337) ~[spring-beans-6.1.12.jar:6.1.12]
	at org.springframework.beans.factory.support.DefaultSingletonBeanRegistry.getSingleton(DefaultSingletonBeanRegistry.java:234) ~[spring-beans-6.1.12.jar:6.1.12]
	at org.springframework.beans.factory.support.AbstractBeanFactory.doGetBean(AbstractBeanFactory.java:335) ~[spring-beans-6.1.12.jar:6.1.12]
	at org.springframework.beans.factory.support.AbstractBeanFactory.getBean(AbstractBeanFactory.java:200) ~[spring-beans-6.1.12.jar:6.1.12]
	at org.springframework.beans.factory.support.AbstractBeanFactory.doGetBean(AbstractBeanFactory.java:313) ~[spring-beans-6.1.12.jar:6.1.12]
	at org.springframework.beans.factory.support.AbstractBeanFactory.getBean(AbstractBeanFactory.java:205) ~[spring-beans-6.1.12.jar:6.1.12]
	at org.springframework.context.support.AbstractApplicationContext.finishBeanFactoryInitialization(AbstractApplicationContext.java:954) ~[spring-context-6.1.12.jar:6.1.12]
	at org.springframework.context.support.AbstractApplicationContext.refresh(AbstractApplicationContext.java:625) ~[spring-context-6.1.12.jar:6.1.12]
	at org.springframework.boot.web.servlet.context.ServletWebServerApplicationContext.refresh(ServletWebServerApplicationContext.java:146) ~[spring-boot-3.3.3.jar:3.3.3]
	at org.springframework.boot.SpringApplication.refresh(SpringApplication.java:754) ~[spring-boot-3.3.3.jar:3.3.3]
	at org.springframework.boot.SpringApplication.refreshContext(SpringApplication.java:456) ~[spring-boot-3.3.3.jar:3.3.3]
	at org.springframework.boot.SpringApplication.run(SpringApplication.java:335) ~[spring-boot-3.3.3.jar:3.3.3]
	at org.springframework.boot.SpringApplication.run(SpringApplication.java:1363) ~[spring-boot-3.3.3.jar:3.3.3]
	at org.springframework.boot.SpringApplication.run(SpringApplication.java:1352) ~[spring-boot-3.3.3.jar:3.3.3]
	at com.example.gofarbot.GoFarBotApplication.main(GoFarBotApplication.java:11) ~[classes/:na]
	at java.base/jdk.internal.reflect.NativeMethodAccessorImpl.invoke0(Native Method) ~[na:na]
	at java.base/jdk.internal.reflect.NativeMethodAccessorImpl.invoke(NativeMethodAccessorImpl.java:77) ~[na:na]
	at java.base/jdk.internal.reflect.DelegatingMethodAccessorImpl.invoke(DelegatingMethodAccessorImpl.java:43) ~[na:na]
	at java.base/java.lang.reflect.Method.invoke(Method.java:568) ~[na:na]
	at org.springframework.boot.devtools.restart.RestartLauncher.run(RestartLauncher.java:50) ~[spring-boot-devtools-3.3.3.jar:3.3.3]
Caused by: org.postgresql.util.PSQLException: ОШИБКА: значение не умещается в тип character varying(1000)
	at org.postgresql.core.v3.QueryExecutorImpl.receiveErrorResponse(QueryExecutorImpl.java:2725) ~[postgresql-42.7.3.jar:42.7.3]
	at org.postgresql.core.v3.QueryExecutorImpl.processResults(QueryExecutorImpl.java:2412) ~[postgresql-42.7.3.jar:42.7.3]
	at org.postgresql.core.v3.QueryExecutorImpl.execute(QueryExecutorImpl.java:371) ~[postgresql-42.7.3.jar:42.7.3]
	at org.postgresql.jdbc.PgStatement.executeInternal(PgStatement.java:502) ~[postgresql-42.7.3.jar:42.7.3]
	at org.postgresql.jdbc.PgStatement.execute(PgStatement.java:419) ~[postgresql-42.7.3.jar:42.7.3]
	at org.postgresql.jdbc.PgStatement.executeWithFlags(PgStatement.java:341) ~[postgresql-42.7.3.jar:42.7.3]
	at org.postgresql.jdbc.PgStatement.executeCachedSql(PgStatement.java:326) ~[postgresql-42.7.3.jar:42.7.3]
	at org.postgresql.jdbc.PgStatement.executeWithFlags(PgStatement.java:302) ~[postgresql-42.7.3.jar:42.7.3]
	at org.postgresql.jdbc.PgStatement.execute(PgStatement.java:297) ~[postgresql-42.7.3.jar:42.7.3]
	at com.zaxxer.hikari.pool.ProxyStatement.execute(ProxyStatement.java:94) ~[HikariCP-5.1.0.jar:na]
	at com.zaxxer.hikari.pool.HikariProxyStatement.execute(HikariProxyStatement.java) ~[HikariCP-5.1.0.jar:na]
	at liquibase.executor.jvm.JdbcExecutor$ExecuteStatementCallback.doInStatement(JdbcExecutor.java:467) ~[liquibase-core-4.27.0.jar:na]
	... 68 common frames omitted

2024-09-18T00:05:45.013+03:00  INFO 28880 --- [GoFarBot] [restartedMain] liquibase.util                           : UPDATE SUMMARY
2024-09-18T00:05:45.013+03:00  INFO 28880 --- [GoFarBot] [restartedMain] liquibase.util                           : Run:                         20
2024-09-18T00:05:45.013+03:00  INFO 28880 --- [GoFarBot] [restartedMain] liquibase.util                           : Previously run:               0
2024-09-18T00:05:45.013+03:00  INFO 28880 --- [GoFarBot] [restartedMain] liquibase.util                           : Filtered out:                 0
2024-09-18T00:05:45.013+03:00  INFO 28880 --- [GoFarBot] [restartedMain] liquibase.util                           : -------------------------------
2024-09-18T00:05:45.013+03:00  INFO 28880 --- [GoFarBot] [restartedMain] liquibase.util                           : Total change sets:           20
2024-09-18T00:05:45.013+03:00  INFO 28880 --- [GoFarBot] [restartedMain] liquibase.util                           : Update summary generated
2024-09-18T00:05:45.017+03:00  INFO 28880 --- [GoFarBot] [restartedMain] liquibase.command                        : Update command encountered an exception.
2024-09-18T00:05:45.021+03:00  INFO 28880 --- [GoFarBot] [restartedMain] liquibase.lockservice                    : Successfully released change log lock
2024-09-18T00:05:45.023+03:00  INFO 28880 --- [GoFarBot] [restartedMain] liquibase.command                        : Logging exception.
2024-09-18T00:05:45.023+03:00  INFO 28880 --- [GoFarBot] [restartedMain] liquibase.ui                             : ERROR: Exception Details
2024-09-18T00:05:45.023+03:00  INFO 28880 --- [GoFarBot] [restartedMain] liquibase.ui                             : ERROR: Exception Primary Class:  PSQLException
2024-09-18T00:05:45.023+03:00  INFO 28880 --- [GoFarBot] [restartedMain] liquibase.ui                             : ERROR: Exception Primary Reason:  ОШИБКА: значение не умещается в тип character varying(1000)
2024-09-18T00:05:45.023+03:00  INFO 28880 --- [GoFarBot] [restartedMain] liquibase.ui                             : ERROR: Exception Primary Source:  PostgreSQL 16.2
2024-09-18T00:05:45.023+03:00  INFO 28880 --- [GoFarBot] [restartedMain] liquibase.command                        : Command execution complete
2024-09-18T00:05:45.026+03:00  WARN 28880 --- [GoFarBot] [restartedMain] ConfigServletWebServerApplicationContext : Exception encountered during context initialization - cancelling refresh attempt: org.springframework.beans.factory.BeanCreationException: Error creating bean with name 'entityManagerFactory' defined in class path resource [org/springframework/boot/autoconfigure/orm/jpa/HibernateJpaConfiguration.class]: Failed to initialize dependency 'liquibase' of LoadTimeWeaverAware bean 'entityManagerFactory': Error creating bean with name 'liquibase' defined in class path resource [org/springframework/boot/autoconfigure/liquibase/LiquibaseAutoConfiguration$LiquibaseConfiguration.class]: liquibase.exception.CommandExecutionException: liquibase.exception.LiquibaseException: liquibase.exception.MigrationFailedException: Migration failed for changeset db/changelog/changeset/insert-messages_registration-values.yaml::21::vsevolod schetov:
     Reason: liquibase.exception.DatabaseException: ОШИБКА: значение не умещается в тип character varying(1000) [Failed SQL: (0) INSERT INTO public.messages (number, text, dialog) VALUES ('1', 'Ты успешно зарегистрировался на серию вебинаров "Как поступить в Австрию в 2025 году"

Трансляция будет проходить в (название платформы).  Предварительная регистрация на платформе для участия не требуется
В день вебинара мы отправим ссылку на подключение в этот чат 🔗

Календарь видео-встреч:

🗓 04.10 (пятница) в 18:00 по МСК -  Поступление без знания языка. Самый простой способ релокации в Европу для школьников и студентов РФ и СНГ

🗓 05.10 (суббота) в 18:00 по МСК  - Поступление в университет на бакалавриат и магистратуру. Обучение на английском и немецком языке

🗓 06.10 (воскресенье) в 18:00 по МСК  - Практика и работа во время и после обучения. Все о жизни студента и о перспективах

После участия во всех 3-х вебинарах ты:
- будешь понимать, какой путь тебе предстоит пройти от идеи поступить до получения диплома в стране
- узнаешь сколько будет стоить обучение и жизнь в Австрии
- какие документы нужно собрать, сколько они готовятся и когда нужно начинать подготовку в зависимости от того, куда ты планируешь поступать
- выберешь специальность, направление подготовки и будущий город обучения. Узнаешь все о студенческой жизни в выбранном городе
- построишь индивидуальный план поступления в зависимости от города и специальности
', '2')]
2024-09-18T00:05:45.027+03:00  INFO 28880 --- [GoFarBot] [restartedMain] com.zaxxer.hikari.HikariDataSource       : HikariPool-1 - Shutdown initiated...
2024-09-18T00:05:45.032+03:00  INFO 28880 --- [GoFarBot] [restartedMain] com.zaxxer.hikari.HikariDataSource       : HikariPool-1 - Shutdown completed.
2024-09-18T00:05:45.036+03:00  INFO 28880 --- [GoFarBot] [restartedMain] o.apache.catalina.core.StandardService   : Stopping service [Tomcat]
2024-09-18T00:05:45.048+03:00  INFO 28880 --- [GoFarBot] [restartedMain] .s.b.a.l.ConditionEvaluationReportLogger : 

Error starting ApplicationContext. To display the condition evaluation report re-run your application with 'debug' enabled.
2024-09-18T00:05:45.070+03:00 ERROR 28880 --- [GoFarBot] [restartedMain] o.s.boot.SpringApplication               : Application run failed

org.springframework.beans.factory.BeanCreationException: Error creating bean with name 'entityManagerFactory' defined in class path resource [org/springframework/boot/autoconfigure/orm/jpa/HibernateJpaConfiguration.class]: Failed to initialize dependency 'liquibase' of LoadTimeWeaverAware bean 'entityManagerFactory': Error creating bean with name 'liquibase' defined in class path resource [org/springframework/boot/autoconfigure/liquibase/LiquibaseAutoConfiguration$LiquibaseConfiguration.class]: liquibase.exception.CommandExecutionException: liquibase.exception.LiquibaseException: liquibase.exception.MigrationFailedException: Migration failed for changeset db/changelog/changeset/insert-messages_registration-values.yaml::21::vsevolod schetov:
     Reason: liquibase.exception.DatabaseException: ОШИБКА: значение не умещается в тип character varying(1000) [Failed SQL: (0) INSERT INTO public.messages (number, text, dialog) VALUES ('1', 'Ты успешно зарегистрировался на серию вебинаров "Как поступить в Австрию в 2025 году"

Трансляция будет проходить в (название платформы).  Предварительная регистрация на платформе для участия не требуется
В день вебинара мы отправим ссылку на подключение в этот чат 🔗

Календарь видео-встреч:

🗓 04.10 (пятница) в 18:00 по МСК -  Поступление без знания языка. Самый простой способ релокации в Европу для школьников и студентов РФ и СНГ

🗓 05.10 (суббота) в 18:00 по МСК  - Поступление в университет на бакалавриат и магистратуру. Обучение на английском и немецком языке

🗓 06.10 (воскресенье) в 18:00 по МСК  - Практика и работа во время и после обучения. Все о жизни студента и о перспективах

После участия во всех 3-х вебинарах ты:
- будешь понимать, какой путь тебе предстоит пройти от идеи поступить до получения диплома в стране
- узнаешь сколько будет стоить обучение и жизнь в Австрии
- какие документы нужно собрать, сколько они готовятся и когда нужно начинать подготовку в зависимости от того, куда ты планируешь поступать
- выберешь специальность, направление подготовки и будущий город обучения. Узнаешь все о студенческой жизни в выбранном городе
- построишь индивидуальный план поступления в зависимости от города и специальности
', '2')]
	at org.springframework.beans.factory.support.AbstractBeanFactory.doGetBean(AbstractBeanFactory.java:326) ~[spring-beans-6.1.12.jar:6.1.12]
	at org.springframework.beans.factory.support.AbstractBeanFactory.getBean(AbstractBeanFactory.java:205) ~[spring-beans-6.1.12.jar:6.1.12]
	at org.springframework.context.support.AbstractApplicationContext.finishBeanFactoryInitialization(AbstractApplicationContext.java:954) ~[spring-context-6.1.12.jar:6.1.12]
	at org.springframework.context.support.AbstractApplicationContext.refresh(AbstractApplicationContext.java:625) ~[spring-context-6.1.12.jar:6.1.12]
	at org.springframework.boot.web.servlet.context.ServletWebServerApplicationContext.refresh(ServletWebServerApplicationContext.java:146) ~[spring-boot-3.3.3.jar:3.3.3]
	at org.springframework.boot.SpringApplication.refresh(SpringApplication.java:754) ~[spring-boot-3.3.3.jar:3.3.3]
	at org.springframework.boot.SpringApplication.refreshContext(SpringApplication.java:456) ~[spring-boot-3.3.3.jar:3.3.3]
	at org.springframework.boot.SpringApplication.run(SpringApplication.java:335) ~[spring-boot-3.3.3.jar:3.3.3]
	at org.springframework.boot.SpringApplication.run(SpringApplication.java:1363) ~[spring-boot-3.3.3.jar:3.3.3]
	at org.springframework.boot.SpringApplication.run(SpringApplication.java:1352) ~[spring-boot-3.3.3.jar:3.3.3]
	at com.example.gofarbot.GoFarBotApplication.main(GoFarBotApplication.java:11) ~[classes/:na]
	at java.base/jdk.internal.reflect.NativeMethodAccessorImpl.invoke0(Native Method) ~[na:na]
	at java.base/jdk.internal.reflect.NativeMethodAccessorImpl.invoke(NativeMethodAccessorImpl.java:77) ~[na:na]
	at java.base/jdk.internal.reflect.DelegatingMethodAccessorImpl.invoke(DelegatingMethodAccessorImpl.java:43) ~[na:na]
	at java.base/java.lang.reflect.Method.invoke(Method.java:568) ~[na:na]
	at org.springframework.boot.devtools.restart.RestartLauncher.run(RestartLauncher.java:50) ~[spring-boot-devtools-3.3.3.jar:3.3.3]
Caused by: org.springframework.beans.factory.BeanCreationException: Error creating bean with name 'liquibase' defined in class path resource [org/springframework/boot/autoconfigure/liquibase/LiquibaseAutoConfiguration$LiquibaseConfiguration.class]: liquibase.exception.CommandExecutionException: liquibase.exception.LiquibaseException: liquibase.exception.MigrationFailedException: Migration failed for changeset db/changelog/changeset/insert-messages_registration-values.yaml::21::vsevolod schetov:
     Reason: liquibase.exception.DatabaseException: ОШИБКА: значение не умещается в тип character varying(1000) [Failed SQL: (0) INSERT INTO public.messages (number, text, dialog) VALUES ('1', 'Ты успешно зарегистрировался на серию вебинаров "Как поступить в Австрию в 2025 году"

Трансляция будет проходить в (название платформы).  Предварительная регистрация на платформе для участия не требуется
В день вебинара мы отправим ссылку на подключение в этот чат 🔗

Календарь видео-встреч:

🗓 04.10 (пятница) в 18:00 по МСК -  Поступление без знания языка. Самый простой способ релокации в Европу для школьников и студентов РФ и СНГ

🗓 05.10 (суббота) в 18:00 по МСК  - Поступление в университет на бакалавриат и магистратуру. Обучение на английском и немецком языке

🗓 06.10 (воскресенье) в 18:00 по МСК  - Практика и работа во время и после обучения. Все о жизни студента и о перспективах

После участия во всех 3-х вебинарах ты:
- будешь понимать, какой путь тебе предстоит пройти от идеи поступить до получения диплома в стране
- узнаешь сколько будет стоить обучение и жизнь в Австрии
- какие документы нужно собрать, сколько они готовятся и когда нужно начинать подготовку в зависимости от того, куда ты планируешь поступать
- выберешь специальность, направление подготовки и будущий город обучения. Узнаешь все о студенческой жизни в выбранном городе
- построишь индивидуальный план поступления в зависимости от города и специальности
', '2')]
	at org.springframework.beans.factory.support.AbstractAutowireCapableBeanFactory.initializeBean(AbstractAutowireCapableBeanFactory.java:1806) ~[spring-beans-6.1.12.jar:6.1.12]
	at org.springframework.beans.factory.support.AbstractAutowireCapableBeanFactory.doCreateBean(AbstractAutowireCapableBeanFactory.java:600) ~[spring-beans-6.1.12.jar:6.1.12]
	at org.springframework.beans.factory.support.AbstractAutowireCapableBeanFactory.createBean(AbstractAutowireCapableBeanFactory.java:522) ~[spring-beans-6.1.12.jar:6.1.12]
	at org.springframework.beans.factory.support.AbstractBeanFactory.lambda$doGetBean$0(AbstractBeanFactory.java:337) ~[spring-beans-6.1.12.jar:6.1.12]
	at org.springframework.beans.factory.support.DefaultSingletonBeanRegistry.getSingleton(DefaultSingletonBeanRegistry.java:234) ~[spring-beans-6.1.12.jar:6.1.12]
	at org.springframework.beans.factory.support.AbstractBeanFactory.doGetBean(AbstractBeanFactory.java:335) ~[spring-beans-6.1.12.jar:6.1.12]
	at org.springframework.beans.factory.support.AbstractBeanFactory.getBean(AbstractBeanFactory.java:200) ~[spring-beans-6.1.12.jar:6.1.12]
	at org.springframework.beans.factory.support.AbstractBeanFactory.doGetBean(AbstractBeanFactory.java:313) ~[spring-beans-6.1.12.jar:6.1.12]
	... 15 common frames omitted
Caused by: liquibase.exception.UnexpectedLiquibaseException: liquibase.exception.CommandExecutionException: liquibase.exception.LiquibaseException: liquibase.exception.MigrationFailedException: Migration failed for changeset db/changelog/changeset/insert-messages_registration-values.yaml::21::vsevolod schetov:
     Reason: liquibase.exception.DatabaseException: ОШИБКА: значение не умещается в тип character varying(1000) [Failed SQL: (0) INSERT INTO public.messages (number, text, dialog) VALUES ('1', 'Ты успешно зарегистрировался на серию вебинаров "Как поступить в Австрию в 2025 году"

Трансляция будет проходить в (название платформы).  Предварительная регистрация на платформе для участия не требуется
В день вебинара мы отправим ссылку на подключение в этот чат 🔗

Календарь видео-встреч:

🗓 04.10 (пятница) в 18:00 по МСК -  Поступление без знания языка. Самый простой способ релокации в Европу для школьников и студентов РФ и СНГ

🗓 05.10 (суббота) в 18:00 по МСК  - Поступление в университет на бакалавриат и магистратуру. Обучение на английском и немецком языке

🗓 06.10 (воскресенье) в 18:00 по МСК  - Практика и работа во время и после обучения. Все о жизни студента и о перспективах

После участия во всех 3-х вебинарах ты:
- будешь понимать, какой путь тебе предстоит пройти от идеи поступить до получения диплома в стране
- узнаешь сколько будет стоить обучение и жизнь в Австрии
- какие документы нужно собрать, сколько они готовятся и когда нужно начинать подготовку в зависимости от того, куда ты планируешь поступать
- выберешь специальность, направление подготовки и будущий город обучения. Узнаешь все о студенческой жизни в выбранном городе
- построишь индивидуальный план поступления в зависимости от города и специальности
', '2')]
	at liquibase.integration.spring.SpringLiquibase.afterPropertiesSet(SpringLiquibase.java:259) ~[liquibase-core-4.27.0.jar:na]
	at org.springframework.beans.factory.support.AbstractAutowireCapableBeanFactory.invokeInitMethods(AbstractAutowireCapableBeanFactory.java:1853) ~[spring-beans-6.1.12.jar:6.1.12]
	at org.springframework.beans.factory.support.AbstractAutowireCapableBeanFactory.initializeBean(AbstractAutowireCapableBeanFactory.java:1802) ~[spring-beans-6.1.12.jar:6.1.12]
	... 22 common frames omitted
Caused by: liquibase.exception.CommandExecutionException: liquibase.exception.LiquibaseException: liquibase.exception.MigrationFailedException: Migration failed for changeset db/changelog/changeset/insert-messages_registration-values.yaml::21::vsevolod schetov:
     Reason: liquibase.exception.DatabaseException: ОШИБКА: значение не умещается в тип character varying(1000) [Failed SQL: (0) INSERT INTO public.messages (number, text, dialog) VALUES ('1', 'Ты успешно зарегистрировался на серию вебинаров "Как поступить в Австрию в 2025 году"

Трансляция будет проходить в (название платформы).  Предварительная регистрация на платформе для участия не требуется
В день вебинара мы отправим ссылку на подключение в этот чат 🔗

Календарь видео-встреч:

🗓 04.10 (пятница) в 18:00 по МСК -  Поступление без знания языка. Самый простой способ релокации в Европу для школьников и студентов РФ и СНГ

🗓 05.10 (суббота) в 18:00 по МСК  - Поступление в университет на бакалавриат и магистратуру. Обучение на английском и немецком языке

🗓 06.10 (воскресенье) в 18:00 по МСК  - Практика и работа во время и после обучения. Все о жизни студента и о перспективах

После участия во всех 3-х вебинарах ты:
- будешь понимать, какой путь тебе предстоит пройти от идеи поступить до получения диплома в стране
- узнаешь сколько будет стоить обучение и жизнь в Австрии
- какие документы нужно собрать, сколько они готовятся и когда нужно начинать подготовку в зависимости от того, куда ты планируешь поступать
- выберешь специальность, направление подготовки и будущий город обучения. Узнаешь все о студенческой жизни в выбранном городе
- построишь индивидуальный план поступления в зависимости от города и специальности
', '2')]
	at liquibase.command.CommandScope.execute(CommandScope.java:257) ~[liquibase-core-4.27.0.jar:na]
	at liquibase.Liquibase.lambda$update$0(Liquibase.java:245) ~[liquibase-core-4.27.0.jar:na]
	at liquibase.Scope.lambda$child$0(Scope.java:190) ~[liquibase-core-4.27.0.jar:na]
	at liquibase.Scope.child(Scope.java:199) ~[liquibase-core-4.27.0.jar:na]
	at liquibase.Scope.child(Scope.java:189) ~[liquibase-core-4.27.0.jar:na]
	at liquibase.Scope.child(Scope.java:168) ~[liquibase-core-4.27.0.jar:na]
	at liquibase.Liquibase.runInScope(Liquibase.java:1436) ~[liquibase-core-4.27.0.jar:na]
	at liquibase.Liquibase.update(Liquibase.java:234) ~[liquibase-core-4.27.0.jar:na]
	at liquibase.Liquibase.update(Liquibase.java:212) ~[liquibase-core-4.27.0.jar:na]
	at liquibase.integration.spring.SpringLiquibase.performUpdate(SpringLiquibase.java:297) ~[liquibase-core-4.27.0.jar:na]
	at liquibase.integration.spring.SpringLiquibase.lambda$afterPropertiesSet$0(SpringLiquibase.java:249) ~[liquibase-core-4.27.0.jar:na]
	at liquibase.Scope.lambda$child$0(Scope.java:190) ~[liquibase-core-4.27.0.jar:na]
	at liquibase.Scope.child(Scope.java:199) ~[liquibase-core-4.27.0.jar:na]
	at liquibase.Scope.child(Scope.java:189) ~[liquibase-core-4.27.0.jar:na]
	at liquibase.Scope.child(Scope.java:168) ~[liquibase-core-4.27.0.jar:na]
	at liquibase.Scope.child(Scope.java:256) ~[liquibase-core-4.27.0.jar:na]
	at liquibase.integration.spring.SpringLiquibase.afterPropertiesSet(SpringLiquibase.java:242) ~[liquibase-core-4.27.0.jar:na]
	... 24 common frames omitted
Caused by: liquibase.exception.LiquibaseException: liquibase.exception.MigrationFailedException: Migration failed for changeset db/changelog/changeset/insert-messages_registration-values.yaml::21::vsevolod schetov:
     Reason: liquibase.exception.DatabaseException: ОШИБКА: значение не умещается в тип character varying(1000) [Failed SQL: (0) INSERT INTO public.messages (number, text, dialog) VALUES ('1', 'Ты успешно зарегистрировался на серию вебинаров "Как поступить в Австрию в 2025 году"

Трансляция будет проходить в (название платформы).  Предварительная регистрация на платформе для участия не требуется
В день вебинара мы отправим ссылку на подключение в этот чат 🔗

Календарь видео-встреч:

🗓 04.10 (пятница) в 18:00 по МСК -  Поступление без знания языка. Самый простой способ релокации в Европу для школьников и студентов РФ и СНГ

🗓 05.10 (суббота) в 18:00 по МСК  - Поступление в университет на бакалавриат и магистратуру. Обучение на английском и немецком языке

🗓 06.10 (воскресенье) в 18:00 по МСК  - Практика и работа во время и после обучения. Все о жизни студента и о перспективах

После участия во всех 3-х вебинарах ты:
- будешь понимать, какой путь тебе предстоит пройти от идеи поступить до получения диплома в стране
- узнаешь сколько будет стоить обучение и жизнь в Австрии
- какие документы нужно собрать, сколько они готовятся и когда нужно начинать подготовку в зависимости от того, куда ты планируешь поступать
- выберешь специальность, направление подготовки и будущий город обучения. Узнаешь все о студенческой жизни в выбранном городе
- построишь индивидуальный план поступления в зависимости от города и специальности
', '2')]
	at liquibase.changelog.ChangeLogIterator.run(ChangeLogIterator.java:151) ~[liquibase-core-4.27.0.jar:na]
	at liquibase.command.core.AbstractUpdateCommandStep.lambda$run$0(AbstractUpdateCommandStep.java:112) ~[liquibase-core-4.27.0.jar:na]
	at liquibase.Scope.lambda$child$0(Scope.java:190) ~[liquibase-core-4.27.0.jar:na]
	at liquibase.Scope.child(Scope.java:199) ~[liquibase-core-4.27.0.jar:na]
	at liquibase.Scope.child(Scope.java:189) ~[liquibase-core-4.27.0.jar:na]
	at liquibase.Scope.child(Scope.java:168) ~[liquibase-core-4.27.0.jar:na]
	at liquibase.command.core.AbstractUpdateCommandStep.run(AbstractUpdateCommandStep.java:110) ~[liquibase-core-4.27.0.jar:na]
	at liquibase.command.core.UpdateCommandStep.run(UpdateCommandStep.java:105) ~[liquibase-core-4.27.0.jar:na]
	at liquibase.command.CommandScope.execute(CommandScope.java:219) ~[liquibase-core-4.27.0.jar:na]
	... 40 common frames omitted
Caused by: liquibase.exception.MigrationFailedException: Migration failed for changeset db/changelog/changeset/insert-messages_registration-values.yaml::21::vsevolod schetov:
     Reason: liquibase.exception.DatabaseException: ОШИБКА: значение не умещается в тип character varying(1000) [Failed SQL: (0) INSERT INTO public.messages (number, text, dialog) VALUES ('1', 'Ты успешно зарегистрировался на серию вебинаров "Как поступить в Австрию в 2025 году"

Трансляция будет проходить в (название платформы).  Предварительная регистрация на платформе для участия не требуется
В день вебинара мы отправим ссылку на подключение в этот чат 🔗

Календарь видео-встреч:

🗓 04.10 (пятница) в 18:00 по МСК -  Поступление без знания языка. Самый простой способ релокации в Европу для школьников и студентов РФ и СНГ

🗓 05.10 (суббота) в 18:00 по МСК  - Поступление в университет на бакалавриат и магистратуру. Обучение на английском и немецком языке

🗓 06.10 (воскресенье) в 18:00 по МСК  - Практика и работа во время и после обучения. Все о жизни студента и о перспективах

После участия во всех 3-х вебинарах ты:
- будешь понимать, какой путь тебе предстоит пройти от идеи поступить до получения диплома в стране
- узнаешь сколько будет стоить обучение и жизнь в Австрии
- какие документы нужно собрать, сколько они готовятся и когда нужно начинать подготовку в зависимости от того, куда ты планируешь поступать
- выберешь специальность, направление подготовки и будущий город обучения. Узнаешь все о студенческой жизни в выбранном городе
- построишь индивидуальный план поступления в зависимости от города и специальности
', '2')]
	at liquibase.changelog.ChangeSet.execute(ChangeSet.java:808) ~[liquibase-core-4.27.0.jar:na]
	at liquibase.changelog.visitor.UpdateVisitor.executeAcceptedChange(UpdateVisitor.java:119) ~[liquibase-core-4.27.0.jar:na]
	at liquibase.changelog.visitor.UpdateVisitor.visit(UpdateVisitor.java:68) ~[liquibase-core-4.27.0.jar:na]
	at liquibase.changelog.ChangeLogIterator$2.lambda$run$0(ChangeLogIterator.java:133) ~[liquibase-core-4.27.0.jar:na]
	at liquibase.Scope.lambda$child$0(Scope.java:190) ~[liquibase-core-4.27.0.jar:na]
	at liquibase.Scope.child(Scope.java:199) ~[liquibase-core-4.27.0.jar:na]
	at liquibase.Scope.child(Scope.java:189) ~[liquibase-core-4.27.0.jar:na]
	at liquibase.Scope.child(Scope.java:168) ~[liquibase-core-4.27.0.jar:na]
	at liquibase.changelog.ChangeLogIterator$2.run(ChangeLogIterator.java:122) ~[liquibase-core-4.27.0.jar:na]
	at liquibase.Scope.lambda$child$0(Scope.java:190) ~[liquibase-core-4.27.0.jar:na]
	at liquibase.Scope.child(Scope.java:199) ~[liquibase-core-4.27.0.jar:na]
	at liquibase.Scope.child(Scope.java:189) ~[liquibase-core-4.27.0.jar:na]
	at liquibase.Scope.child(Scope.java:168) ~[liquibase-core-4.27.0.jar:na]
	at liquibase.Scope.child(Scope.java:256) ~[liquibase-core-4.27.0.jar:na]
	at liquibase.Scope.child(Scope.java:260) ~[liquibase-core-4.27.0.jar:na]
	at liquibase.changelog.ChangeLogIterator.run(ChangeLogIterator.java:89) ~[liquibase-core-4.27.0.jar:na]
	... 48 common frames omitted
Caused by: liquibase.exception.DatabaseException: ОШИБКА: значение не умещается в тип character varying(1000) [Failed SQL: (0) INSERT INTO public.messages (number, text, dialog) VALUES ('1', 'Ты успешно зарегистрировался на серию вебинаров "Как поступить в Австрию в 2025 году"

Трансляция будет проходить в (название платформы).  Предварительная регистрация на платформе для участия не требуется
В день вебинара мы отправим ссылку на подключение в этот чат 🔗

Календарь видео-встреч:

🗓 04.10 (пятница) в 18:00 по МСК -  Поступление без знания языка. Самый простой способ релокации в Европу для школьников и студентов РФ и СНГ

🗓 05.10 (суббота) в 18:00 по МСК  - Поступление в университет на бакалавриат и магистратуру. Обучение на английском и немецком языке

🗓 06.10 (воскресенье) в 18:00 по МСК  - Практика и работа во время и после обучения. Все о жизни студента и о перспективах

После участия во всех 3-х вебинарах ты:
- будешь понимать, какой путь тебе предстоит пройти от идеи поступить до получения диплома в стране
- узнаешь сколько будет стоить обучение и жизнь в Австрии
- какие документы нужно собрать, сколько они готовятся и когда нужно начинать подготовку в зависимости от того, куда ты планируешь поступать
- выберешь специальность, направление подготовки и будущий город обучения. Узнаешь все о студенческой жизни в выбранном городе
- построишь индивидуальный план поступления в зависимости от города и специальности
', '2')]
	at liquibase.executor.jvm.JdbcExecutor$ExecuteStatementCallback.doInStatement(JdbcExecutor.java:473) ~[liquibase-core-4.27.0.jar:na]
	at liquibase.executor.jvm.JdbcExecutor.execute(JdbcExecutor.java:80) ~[liquibase-core-4.27.0.jar:na]
	at liquibase.executor.jvm.JdbcExecutor.execute(JdbcExecutor.java:182) ~[liquibase-core-4.27.0.jar:na]
	at liquibase.executor.AbstractExecutor.execute(AbstractExecutor.java:141) ~[liquibase-core-4.27.0.jar:na]
	at liquibase.database.AbstractJdbcDatabase.executeStatements(AbstractJdbcDatabase.java:1176) ~[liquibase-core-4.27.0.jar:na]
	at liquibase.changelog.ChangeSet.execute(ChangeSet.java:764) ~[liquibase-core-4.27.0.jar:na]
	... 63 common frames omitted
Caused by: org.postgresql.util.PSQLException: ОШИБКА: значение не умещается в тип character varying(1000)
	at org.postgresql.core.v3.QueryExecutorImpl.receiveErrorResponse(QueryExecutorImpl.java:2725) ~[postgresql-42.7.3.jar:42.7.3]
	at org.postgresql.core.v3.QueryExecutorImpl.processResults(QueryExecutorImpl.java:2412) ~[postgresql-42.7.3.jar:42.7.3]
	at org.postgresql.core.v3.QueryExecutorImpl.execute(QueryExecutorImpl.java:371) ~[postgresql-42.7.3.jar:42.7.3]
	at org.postgresql.jdbc.PgStatement.executeInternal(PgStatement.java:502) ~[postgresql-42.7.3.jar:42.7.3]
	at org.postgresql.jdbc.PgStatement.execute(PgStatement.java:419) ~[postgresql-42.7.3.jar:42.7.3]
	at org.postgresql.jdbc.PgStatement.executeWithFlags(PgStatement.java:341) ~[postgresql-42.7.3.jar:42.7.3]
	at org.postgresql.jdbc.PgStatement.executeCachedSql(PgStatement.java:326) ~[postgresql-42.7.3.jar:42.7.3]
	at org.postgresql.jdbc.PgStatement.executeWithFlags(PgStatement.java:302) ~[postgresql-42.7.3.jar:42.7.3]
	at org.postgresql.jdbc.PgStatement.execute(PgStatement.java:297) ~[postgresql-42.7.3.jar:42.7.3]
	at com.zaxxer.hikari.pool.ProxyStatement.execute(ProxyStatement.java:94) ~[HikariCP-5.1.0.jar:na]
	at com.zaxxer.hikari.pool.HikariProxyStatement.execute(HikariProxyStatement.java) ~[HikariCP-5.1.0.jar:na]
	at liquibase.executor.jvm.JdbcExecutor$ExecuteStatementCallback.doInStatement(JdbcExecutor.java:467) ~[liquibase-core-4.27.0.jar:na]
	... 68 common frames omitted

2024-09-18T00:06:38.857+03:00  INFO 284 --- [GoFarBot] [restartedMain] c.example.gofarbot.GoFarBotApplication   : Starting GoFarBotApplication using Java 17.0.2 with PID 284 (C:\Users\Сева Счетов\IdeaProjects\GoFarBot\target\classes started by Сева Счетов in C:\Users\Сева Счетов\IdeaProjects\GoFarBot)
2024-09-18T00:06:38.860+03:00  INFO 284 --- [GoFarBot] [restartedMain] c.example.gofarbot.GoFarBotApplication   : No active profile set, falling back to 1 default profile: "default"
2024-09-18T00:06:38.912+03:00  INFO 284 --- [GoFarBot] [restartedMain] .e.DevToolsPropertyDefaultsPostProcessor : Devtools property defaults active! Set 'spring.devtools.add-properties' to 'false' to disable
2024-09-18T00:06:38.913+03:00  INFO 284 --- [GoFarBot] [restartedMain] .e.DevToolsPropertyDefaultsPostProcessor : For additional web related logging consider setting the 'logging.level.web' property to 'DEBUG'
2024-09-18T00:06:39.612+03:00  INFO 284 --- [GoFarBot] [restartedMain] .s.d.r.c.RepositoryConfigurationDelegate : Bootstrapping Spring Data JPA repositories in DEFAULT mode.
2024-09-18T00:06:39.686+03:00  INFO 284 --- [GoFarBot] [restartedMain] .s.d.r.c.RepositoryConfigurationDelegate : Finished Spring Data repository scanning in 66 ms. Found 4 JPA repository interfaces.
2024-09-18T00:06:40.503+03:00  INFO 284 --- [GoFarBot] [restartedMain] o.s.b.w.embedded.tomcat.TomcatWebServer  : Tomcat initialized with port 8080 (http)
2024-09-18T00:06:40.518+03:00  INFO 284 --- [GoFarBot] [restartedMain] o.apache.catalina.core.StandardService   : Starting service [Tomcat]
2024-09-18T00:06:40.518+03:00  INFO 284 --- [GoFarBot] [restartedMain] o.apache.catalina.core.StandardEngine    : Starting Servlet engine: [Apache Tomcat/10.1.28]
2024-09-18T00:06:40.592+03:00  INFO 284 --- [GoFarBot] [restartedMain] o.a.c.c.C.[Tomcat].[localhost].[/]       : Initializing Spring embedded WebApplicationContext
2024-09-18T00:06:40.593+03:00  INFO 284 --- [GoFarBot] [restartedMain] w.s.c.ServletWebServerApplicationContext : Root WebApplicationContext: initialization completed in 1679 ms
2024-09-18T00:06:40.753+03:00  INFO 284 --- [GoFarBot] [restartedMain] com.zaxxer.hikari.HikariDataSource       : HikariPool-1 - Starting...
2024-09-18T00:06:40.938+03:00  INFO 284 --- [GoFarBot] [restartedMain] com.zaxxer.hikari.pool.HikariPool        : HikariPool-1 - Added connection org.postgresql.jdbc.PgConnection@f8dd8c7
2024-09-18T00:06:40.940+03:00  INFO 284 --- [GoFarBot] [restartedMain] com.zaxxer.hikari.HikariDataSource       : HikariPool-1 - Start completed.
2024-09-18T00:06:41.112+03:00  INFO 284 --- [GoFarBot] [restartedMain] liquibase.database                       : Set default schema name to public
2024-09-18T00:06:41.527+03:00  INFO 284 --- [GoFarBot] [restartedMain] liquibase.changelog                      : Creating database history table with name: public.databasechangelog
2024-09-18T00:06:41.577+03:00  INFO 284 --- [GoFarBot] [restartedMain] liquibase.changelog                      : Reading from public.databasechangelog
2024-09-18T00:06:41.702+03:00  INFO 284 --- [GoFarBot] [restartedMain] liquibase.lockservice                    : Successfully acquired change log lock
2024-09-18T00:06:41.704+03:00  INFO 284 --- [GoFarBot] [restartedMain] liquibase.command                        : Using deploymentId: 6607201702
2024-09-18T00:06:41.705+03:00  INFO 284 --- [GoFarBot] [restartedMain] liquibase.changelog                      : Reading from public.databasechangelog
2024-09-18T00:06:41.760+03:00  INFO 284 --- [GoFarBot] [restartedMain] liquibase.ui                             : Running Changeset: db/changelog/changeset/create-file-table.yaml::1::vsevolod schetov
2024-09-18T00:06:41.775+03:00  INFO 284 --- [GoFarBot] [restartedMain] liquibase.changelog                      : Table files created
2024-09-18T00:06:41.777+03:00  INFO 284 --- [GoFarBot] [restartedMain] liquibase.changelog                      : ChangeSet db/changelog/changeset/create-file-table.yaml::1::vsevolod schetov ran successfully in 15ms
2024-09-18T00:06:41.783+03:00  INFO 284 --- [GoFarBot] [restartedMain] liquibase.ui                             : Running Changeset: db/changelog/changeset/create-type_link-table.yaml::2::vsevolod schetov
2024-09-18T00:06:41.789+03:00  INFO 284 --- [GoFarBot] [restartedMain] liquibase.changelog                      : Table types_link created
2024-09-18T00:06:41.791+03:00  INFO 284 --- [GoFarBot] [restartedMain] liquibase.changelog                      : ChangeSet db/changelog/changeset/create-type_link-table.yaml::2::vsevolod schetov ran successfully in 7ms
2024-09-18T00:06:41.795+03:00  INFO 284 --- [GoFarBot] [restartedMain] liquibase.ui                             : Running Changeset: db/changelog/changeset/create-link-table.yaml::3::vsevolod schetov
2024-09-18T00:06:41.804+03:00  INFO 284 --- [GoFarBot] [restartedMain] liquibase.changelog                      : Table links created
2024-09-18T00:06:41.810+03:00  INFO 284 --- [GoFarBot] [restartedMain] liquibase.changelog                      : Foreign key constraint added to links (type)
2024-09-18T00:06:41.811+03:00  INFO 284 --- [GoFarBot] [restartedMain] liquibase.changelog                      : ChangeSet db/changelog/changeset/create-link-table.yaml::3::vsevolod schetov ran successfully in 16ms
2024-09-18T00:06:41.814+03:00  INFO 284 --- [GoFarBot] [restartedMain] liquibase.ui                             : Running Changeset: db/changelog/changeset/create-dialog_state-table.yaml::4::vsevolod schetov
2024-09-18T00:06:41.819+03:00  INFO 284 --- [GoFarBot] [restartedMain] liquibase.changelog                      : Table dialog_states created
2024-09-18T00:06:41.820+03:00  INFO 284 --- [GoFarBot] [restartedMain] liquibase.changelog                      : ChangeSet db/changelog/changeset/create-dialog_state-table.yaml::4::vsevolod schetov ran successfully in 6ms
2024-09-18T00:06:41.825+03:00  INFO 284 --- [GoFarBot] [restartedMain] liquibase.ui                             : Running Changeset: db/changelog/changeset/create-message-table.yaml::5::vsevolod schetov
2024-09-18T00:06:41.836+03:00  INFO 284 --- [GoFarBot] [restartedMain] liquibase.changelog                      : Table messages created
2024-09-18T00:06:41.839+03:00  INFO 284 --- [GoFarBot] [restartedMain] liquibase.changelog                      : Foreign key constraint added to messages (dialog)
2024-09-18T00:06:41.842+03:00  INFO 284 --- [GoFarBot] [restartedMain] liquibase.changelog                      : Foreign key constraint added to messages (file)
2024-09-18T00:06:41.843+03:00  INFO 284 --- [GoFarBot] [restartedMain] liquibase.changelog                      : ChangeSet db/changelog/changeset/create-message-table.yaml::5::vsevolod schetov ran successfully in 18ms
2024-09-18T00:06:41.846+03:00  INFO 284 --- [GoFarBot] [restartedMain] liquibase.ui                             : Running Changeset: db/changelog/changeset/create-message_link_rel-table.yaml::6::vsevolod schetov
2024-09-18T00:06:41.848+03:00  INFO 284 --- [GoFarBot] [restartedMain] liquibase.changelog                      : Table messages_links_rel created
2024-09-18T00:06:41.851+03:00  INFO 284 --- [GoFarBot] [restartedMain] liquibase.changelog                      : Foreign key constraint added to messages_links_rel (message)
2024-09-18T00:06:41.852+03:00  INFO 284 --- [GoFarBot] [restartedMain] liquibase.changelog                      : Foreign key constraint added to messages_links_rel (link)
2024-09-18T00:06:41.853+03:00  INFO 284 --- [GoFarBot] [restartedMain] liquibase.changelog                      : ChangeSet db/changelog/changeset/create-message_link_rel-table.yaml::6::vsevolod schetov ran successfully in 7ms
2024-09-18T00:06:41.856+03:00  INFO 284 --- [GoFarBot] [restartedMain] liquibase.ui                             : Running Changeset: db/changelog/changeset/create-user-table.yaml::7::vsevolod schetov
2024-09-18T00:06:41.862+03:00  INFO 284 --- [GoFarBot] [restartedMain] liquibase.changelog                      : Table users created
2024-09-18T00:06:41.864+03:00  INFO 284 --- [GoFarBot] [restartedMain] liquibase.changelog                      : Foreign key constraint added to users (state)
2024-09-18T00:06:41.865+03:00  INFO 284 --- [GoFarBot] [restartedMain] liquibase.changelog                      : ChangeSet db/changelog/changeset/create-user-table.yaml::7::vsevolod schetov ran successfully in 9ms
2024-09-18T00:06:41.868+03:00  INFO 284 --- [GoFarBot] [restartedMain] liquibase.ui                             : Running Changeset: db/changelog/changeset/insert-dialog_state-values.yaml::8::vsevolod schetov
2024-09-18T00:06:41.870+03:00  INFO 284 --- [GoFarBot] [restartedMain] liquibase.changelog                      : New row inserted into dialog_states
2024-09-18T00:06:41.870+03:00  INFO 284 --- [GoFarBot] [restartedMain] liquibase.changelog                      : New row inserted into dialog_states
2024-09-18T00:06:41.871+03:00  INFO 284 --- [GoFarBot] [restartedMain] liquibase.changelog                      : New row inserted into dialog_states
2024-09-18T00:06:41.872+03:00  INFO 284 --- [GoFarBot] [restartedMain] liquibase.changelog                      : New row inserted into dialog_states
2024-09-18T00:06:41.874+03:00  INFO 284 --- [GoFarBot] [restartedMain] liquibase.changelog                      : New row inserted into dialog_states
2024-09-18T00:06:41.874+03:00  INFO 284 --- [GoFarBot] [restartedMain] liquibase.changelog                      : New row inserted into dialog_states
2024-09-18T00:06:41.875+03:00  INFO 284 --- [GoFarBot] [restartedMain] liquibase.changelog                      : New row inserted into dialog_states
2024-09-18T00:06:41.875+03:00  INFO 284 --- [GoFarBot] [restartedMain] liquibase.changelog                      : ChangeSet db/changelog/changeset/insert-dialog_state-values.yaml::8::vsevolod schetov ran successfully in 7ms
2024-09-18T00:06:41.878+03:00  INFO 284 --- [GoFarBot] [restartedMain] liquibase.ui                             : Running Changeset: db/changelog/changeset/insert-messages_first-values.yaml::9::vsevolod schetov
2024-09-18T00:06:41.880+03:00  INFO 284 --- [GoFarBot] [restartedMain] liquibase.changelog                      : New row inserted into messages
2024-09-18T00:06:41.880+03:00  INFO 284 --- [GoFarBot] [restartedMain] liquibase.changelog                      : ChangeSet db/changelog/changeset/insert-messages_first-values.yaml::9::vsevolod schetov ran successfully in 2ms
2024-09-18T00:06:41.882+03:00  INFO 284 --- [GoFarBot] [restartedMain] liquibase.ui                             : Running Changeset: db/changelog/changeset/insert-types_link-values.yaml::10::vsevolod schetov
2024-09-18T00:06:41.884+03:00  INFO 284 --- [GoFarBot] [restartedMain] liquibase.changelog                      : New row inserted into types_link
2024-09-18T00:06:41.885+03:00  INFO 284 --- [GoFarBot] [restartedMain] liquibase.changelog                      : New row inserted into types_link
2024-09-18T00:06:41.886+03:00  INFO 284 --- [GoFarBot] [restartedMain] liquibase.changelog                      : New row inserted into types_link
2024-09-18T00:06:41.887+03:00  INFO 284 --- [GoFarBot] [restartedMain] liquibase.changelog                      : New row inserted into types_link
2024-09-18T00:06:41.888+03:00  INFO 284 --- [GoFarBot] [restartedMain] liquibase.changelog                      : ChangeSet db/changelog/changeset/insert-types_link-values.yaml::10::vsevolod schetov ran successfully in 5ms
2024-09-18T00:06:41.894+03:00  INFO 284 --- [GoFarBot] [restartedMain] liquibase.ui                             : Running Changeset: db/changelog/changeset/insert-messages_information-values.yaml::11::vsevolod schetov
2024-09-18T00:06:41.895+03:00  INFO 284 --- [GoFarBot] [restartedMain] liquibase.changelog                      : New row inserted into messages
2024-09-18T00:06:41.897+03:00  INFO 284 --- [GoFarBot] [restartedMain] liquibase.changelog                      : New row inserted into messages
2024-09-18T00:06:41.898+03:00  INFO 284 --- [GoFarBot] [restartedMain] liquibase.changelog                      : New row inserted into messages
2024-09-18T00:06:41.900+03:00  INFO 284 --- [GoFarBot] [restartedMain] liquibase.changelog                      : New row inserted into links
2024-09-18T00:06:41.901+03:00  INFO 284 --- [GoFarBot] [restartedMain] liquibase.changelog                      : New row inserted into messages_links_rel
2024-09-18T00:06:41.902+03:00  INFO 284 --- [GoFarBot] [restartedMain] liquibase.changelog                      : New row inserted into messages
2024-09-18T00:06:41.904+03:00  INFO 284 --- [GoFarBot] [restartedMain] liquibase.changelog                      : New row inserted into links
2024-09-18T00:06:41.905+03:00  INFO 284 --- [GoFarBot] [restartedMain] liquibase.changelog                      : New row inserted into messages_links_rel
2024-09-18T00:06:41.906+03:00  INFO 284 --- [GoFarBot] [restartedMain] liquibase.changelog                      : New row inserted into messages
2024-09-18T00:06:41.906+03:00  INFO 284 --- [GoFarBot] [restartedMain] liquibase.changelog                      : New row inserted into links
2024-09-18T00:06:41.907+03:00  INFO 284 --- [GoFarBot] [restartedMain] liquibase.changelog                      : New row inserted into messages_links_rel
2024-09-18T00:06:41.908+03:00  INFO 284 --- [GoFarBot] [restartedMain] liquibase.changelog                      : New row inserted into messages
2024-09-18T00:06:41.909+03:00  INFO 284 --- [GoFarBot] [restartedMain] liquibase.changelog                      : New row inserted into links
2024-09-18T00:06:41.910+03:00  INFO 284 --- [GoFarBot] [restartedMain] liquibase.changelog                      : New row inserted into links
2024-09-18T00:06:41.911+03:00  INFO 284 --- [GoFarBot] [restartedMain] liquibase.changelog                      : New row inserted into links
2024-09-18T00:06:41.913+03:00  INFO 284 --- [GoFarBot] [restartedMain] liquibase.changelog                      : New row inserted into links
2024-09-18T00:06:41.914+03:00  INFO 284 --- [GoFarBot] [restartedMain] liquibase.changelog                      : New row inserted into messages_links_rel
2024-09-18T00:06:41.915+03:00  INFO 284 --- [GoFarBot] [restartedMain] liquibase.changelog                      : New row inserted into messages_links_rel
2024-09-18T00:06:41.916+03:00  INFO 284 --- [GoFarBot] [restartedMain] liquibase.changelog                      : New row inserted into messages_links_rel
2024-09-18T00:06:41.917+03:00  INFO 284 --- [GoFarBot] [restartedMain] liquibase.changelog                      : New row inserted into messages_links_rel
2024-09-18T00:06:41.918+03:00  INFO 284 --- [GoFarBot] [restartedMain] liquibase.changelog                      : New row inserted into messages
2024-09-18T00:06:41.919+03:00  INFO 284 --- [GoFarBot] [restartedMain] liquibase.changelog                      : New row inserted into links
2024-09-18T00:06:41.920+03:00  INFO 284 --- [GoFarBot] [restartedMain] liquibase.changelog                      : New row inserted into messages_links_rel
2024-09-18T00:06:41.921+03:00  INFO 284 --- [GoFarBot] [restartedMain] liquibase.changelog                      : ChangeSet db/changelog/changeset/insert-messages_information-values.yaml::11::vsevolod schetov ran successfully in 27ms
2024-09-18T00:06:41.922+03:00  INFO 284 --- [GoFarBot] [restartedMain] liquibase.ui                             : Running Changeset: db/changelog/changeset/create-conference-table.yaml::12::vsevolod schetov
2024-09-18T00:06:41.931+03:00  INFO 284 --- [GoFarBot] [restartedMain] liquibase.changelog                      : Table conferences created
2024-09-18T00:06:41.932+03:00  INFO 284 --- [GoFarBot] [restartedMain] liquibase.changelog                      : ChangeSet db/changelog/changeset/create-conference-table.yaml::12::vsevolod schetov ran successfully in 9ms
2024-09-18T00:06:41.934+03:00  INFO 284 --- [GoFarBot] [restartedMain] liquibase.ui                             : Running Changeset: db/changelog/changeset/create-conference_user_rel-table.yaml::13::vsevolod schetov
2024-09-18T00:06:41.937+03:00  INFO 284 --- [GoFarBot] [restartedMain] liquibase.changelog                      : Table conferences_users_rel created
2024-09-18T00:06:41.939+03:00  INFO 284 --- [GoFarBot] [restartedMain] liquibase.changelog                      : Foreign key constraint added to conferences_users_rel (conference)
2024-09-18T00:06:41.942+03:00  INFO 284 --- [GoFarBot] [restartedMain] liquibase.changelog                      : Foreign key constraint added to conferences_users_rel (user_id)
2024-09-18T00:06:41.943+03:00  INFO 284 --- [GoFarBot] [restartedMain] liquibase.changelog                      : ChangeSet db/changelog/changeset/create-conference_user_rel-table.yaml::13::vsevolod schetov ran successfully in 8ms
2024-09-18T00:06:41.944+03:00  INFO 284 --- [GoFarBot] [restartedMain] liquibase.ui                             : Running Changeset: db/changelog/changeset/create-notification_type-table.yaml::14::vsevolod schetov
2024-09-18T00:06:41.951+03:00  INFO 284 --- [GoFarBot] [restartedMain] liquibase.changelog                      : Table notification_types created
2024-09-18T00:06:41.952+03:00  INFO 284 --- [GoFarBot] [restartedMain] liquibase.changelog                      : ChangeSet db/changelog/changeset/create-notification_type-table.yaml::14::vsevolod schetov ran successfully in 7ms
2024-09-18T00:06:41.955+03:00  INFO 284 --- [GoFarBot] [restartedMain] liquibase.ui                             : Running Changeset: db/changelog/changeset/create-notification-table.yaml::15::vsevolod schetov
2024-09-18T00:06:41.962+03:00  INFO 284 --- [GoFarBot] [restartedMain] liquibase.changelog                      : Table notifications created
2024-09-18T00:06:41.979+03:00  INFO 284 --- [GoFarBot] [restartedMain] liquibase.changelog                      : Foreign key constraint added to notifications (file)
2024-09-18T00:06:41.982+03:00  INFO 284 --- [GoFarBot] [restartedMain] liquibase.changelog                      : Foreign key constraint added to notifications (type)
2024-09-18T00:06:41.983+03:00  INFO 284 --- [GoFarBot] [restartedMain] liquibase.changelog                      : ChangeSet db/changelog/changeset/create-notification-table.yaml::15::vsevolod schetov ran successfully in 28ms
2024-09-18T00:06:41.986+03:00  INFO 284 --- [GoFarBot] [restartedMain] liquibase.ui                             : Running Changeset: db/changelog/changeset/create-notification_link_rel-table.yaml::17::vsevolod schetov
2024-09-18T00:06:41.989+03:00  INFO 284 --- [GoFarBot] [restartedMain] liquibase.changelog                      : Table notifications_links_rel created
2024-09-18T00:06:41.992+03:00  INFO 284 --- [GoFarBot] [restartedMain] liquibase.changelog                      : Foreign key constraint added to notifications_links_rel (notification)
2024-09-18T00:06:41.995+03:00  INFO 284 --- [GoFarBot] [restartedMain] liquibase.changelog                      : Foreign key constraint added to notifications_links_rel (link)
2024-09-18T00:06:41.996+03:00  INFO 284 --- [GoFarBot] [restartedMain] liquibase.changelog                      : ChangeSet db/changelog/changeset/create-notification_link_rel-table.yaml::17::vsevolod schetov ran successfully in 10ms
2024-09-18T00:06:41.998+03:00  INFO 284 --- [GoFarBot] [restartedMain] liquibase.ui                             : Running Changeset: db/changelog/changeset/create-conference_notification_rel-table.yaml::16::vsevolod schetov
2024-09-18T00:06:42.001+03:00  INFO 284 --- [GoFarBot] [restartedMain] liquibase.changelog                      : Table conferences_notifications_rel created
2024-09-18T00:06:42.005+03:00  INFO 284 --- [GoFarBot] [restartedMain] liquibase.changelog                      : Foreign key constraint added to conferences_notifications_rel (conference)
2024-09-18T00:06:42.006+03:00  INFO 284 --- [GoFarBot] [restartedMain] liquibase.changelog                      : Foreign key constraint added to conferences_notifications_rel (notification)
2024-09-18T00:06:42.007+03:00  INFO 284 --- [GoFarBot] [restartedMain] liquibase.changelog                      : ChangeSet db/changelog/changeset/create-conference_notification_rel-table.yaml::16::vsevolod schetov ran successfully in 8ms
2024-09-18T00:06:42.011+03:00  INFO 284 --- [GoFarBot] [restartedMain] liquibase.ui                             : Running Changeset: db/changelog/changeset/insert-notification_types-values.yaml::18::vsevolod schetov
2024-09-18T00:06:42.013+03:00  INFO 284 --- [GoFarBot] [restartedMain] liquibase.changelog                      : New row inserted into notification_types
2024-09-18T00:06:42.014+03:00  INFO 284 --- [GoFarBot] [restartedMain] liquibase.changelog                      : New row inserted into notification_types
2024-09-18T00:06:42.015+03:00  INFO 284 --- [GoFarBot] [restartedMain] liquibase.changelog                      : New row inserted into notification_types
2024-09-18T00:06:42.017+03:00  INFO 284 --- [GoFarBot] [restartedMain] liquibase.changelog                      : New row inserted into notification_types
2024-09-18T00:06:42.017+03:00  INFO 284 --- [GoFarBot] [restartedMain] liquibase.changelog                      : New row inserted into notification_types
2024-09-18T00:06:42.018+03:00  INFO 284 --- [GoFarBot] [restartedMain] liquibase.changelog                      : New row inserted into notification_types
2024-09-18T00:06:42.019+03:00  INFO 284 --- [GoFarBot] [restartedMain] liquibase.changelog                      : ChangeSet db/changelog/changeset/insert-notification_types-values.yaml::18::vsevolod schetov ran successfully in 8ms
2024-09-18T00:06:42.023+03:00  INFO 284 --- [GoFarBot] [restartedMain] liquibase.ui                             : Running Changeset: db/changelog/changeset/insert-notification-values.yaml::19::vsevolod schetov
2024-09-18T00:06:42.027+03:00  INFO 284 --- [GoFarBot] [restartedMain] liquibase.changelog                      : New row inserted into notifications
2024-09-18T00:06:42.028+03:00  INFO 284 --- [GoFarBot] [restartedMain] liquibase.changelog                      : New row inserted into notifications
2024-09-18T00:06:42.030+03:00  INFO 284 --- [GoFarBot] [restartedMain] liquibase.changelog                      : New row inserted into notifications
2024-09-18T00:06:42.031+03:00  INFO 284 --- [GoFarBot] [restartedMain] liquibase.changelog                      : New row inserted into notifications
2024-09-18T00:06:42.032+03:00  INFO 284 --- [GoFarBot] [restartedMain] liquibase.changelog                      : New row inserted into notifications
2024-09-18T00:06:42.034+03:00  INFO 284 --- [GoFarBot] [restartedMain] liquibase.changelog                      : New row inserted into notifications
2024-09-18T00:06:42.035+03:00  INFO 284 --- [GoFarBot] [restartedMain] liquibase.changelog                      : ChangeSet db/changelog/changeset/insert-notification-values.yaml::19::vsevolod schetov ran successfully in 11ms
2024-09-18T00:06:42.038+03:00  INFO 284 --- [GoFarBot] [restartedMain] liquibase.ui                             : Running Changeset: db/changelog/changeset/insert-conference-values.yaml::20::vsevolod schetov
2024-09-18T00:06:42.040+03:00  INFO 284 --- [GoFarBot] [restartedMain] liquibase.changelog                      : New row inserted into conferences
2024-09-18T00:06:42.042+03:00  INFO 284 --- [GoFarBot] [restartedMain] liquibase.changelog                      : New row inserted into conferences_notifications_rel
2024-09-18T00:06:42.044+03:00  INFO 284 --- [GoFarBot] [restartedMain] liquibase.changelog                      : New row inserted into conferences_notifications_rel
2024-09-18T00:06:42.045+03:00  INFO 284 --- [GoFarBot] [restartedMain] liquibase.changelog                      : New row inserted into conferences_notifications_rel
2024-09-18T00:06:42.046+03:00  INFO 284 --- [GoFarBot] [restartedMain] liquibase.changelog                      : New row inserted into conferences_notifications_rel
2024-09-18T00:06:42.047+03:00  INFO 284 --- [GoFarBot] [restartedMain] liquibase.changelog                      : New row inserted into conferences_notifications_rel
2024-09-18T00:06:42.048+03:00  INFO 284 --- [GoFarBot] [restartedMain] liquibase.changelog                      : New row inserted into conferences_notifications_rel
2024-09-18T00:06:42.049+03:00  INFO 284 --- [GoFarBot] [restartedMain] liquibase.changelog                      : ChangeSet db/changelog/changeset/insert-conference-values.yaml::20::vsevolod schetov ran successfully in 10ms
2024-09-18T00:06:42.053+03:00  INFO 284 --- [GoFarBot] [restartedMain] liquibase.ui                             : Running Changeset: db/changelog/changeset/insert-messages_registration-values.yaml::21::vsevolod schetov
2024-09-18T00:06:42.056+03:00  INFO 284 --- [GoFarBot] [restartedMain] liquibase.changelog                      : New row inserted into messages
2024-09-18T00:06:42.057+03:00  INFO 284 --- [GoFarBot] [restartedMain] liquibase.changelog                      : New row inserted into messages
2024-09-18T00:06:42.058+03:00  INFO 284 --- [GoFarBot] [restartedMain] liquibase.changelog                      : New row inserted into messages
2024-09-18T00:06:42.060+03:00  INFO 284 --- [GoFarBot] [restartedMain] liquibase.changelog                      : New row inserted into messages
2024-09-18T00:06:42.061+03:00  INFO 284 --- [GoFarBot] [restartedMain] liquibase.changelog                      : New row inserted into messages
2024-09-18T00:06:42.062+03:00  INFO 284 --- [GoFarBot] [restartedMain] liquibase.changelog                      : New row inserted into messages
2024-09-18T00:06:42.062+03:00  INFO 284 --- [GoFarBot] [restartedMain] liquibase.changelog                      : ChangeSet db/changelog/changeset/insert-messages_registration-values.yaml::21::vsevolod schetov ran successfully in 9ms
2024-09-18T00:06:42.064+03:00  INFO 284 --- [GoFarBot] [restartedMain] liquibase.ui                             : Running Changeset: db/changelog/changeset/insert-file-values.yaml::22::vsevolod schetov
2024-09-18T00:06:42.066+03:00  INFO 284 --- [GoFarBot] [restartedMain] liquibase.changelog                      : New row inserted into files
2024-09-18T00:06:42.067+03:00  INFO 284 --- [GoFarBot] [restartedMain] liquibase.changelog                      : New row inserted into files
2024-09-18T00:06:42.068+03:00  INFO 284 --- [GoFarBot] [restartedMain] liquibase.changelog                      : ChangeSet db/changelog/changeset/insert-file-values.yaml::22::vsevolod schetov ran successfully in 4ms
2024-09-18T00:06:42.076+03:00  INFO 284 --- [GoFarBot] [restartedMain] liquibase.util                           : UPDATE SUMMARY
2024-09-18T00:06:42.076+03:00  INFO 284 --- [GoFarBot] [restartedMain] liquibase.util                           : Run:                         22
2024-09-18T00:06:42.076+03:00  INFO 284 --- [GoFarBot] [restartedMain] liquibase.util                           : Previously run:               0
2024-09-18T00:06:42.076+03:00  INFO 284 --- [GoFarBot] [restartedMain] liquibase.util                           : Filtered out:                 0
2024-09-18T00:06:42.076+03:00  INFO 284 --- [GoFarBot] [restartedMain] liquibase.util                           : -------------------------------
2024-09-18T00:06:42.076+03:00  INFO 284 --- [GoFarBot] [restartedMain] liquibase.util                           : Total change sets:           22
2024-09-18T00:06:42.077+03:00  INFO 284 --- [GoFarBot] [restartedMain] liquibase.util                           : Update summary generated
2024-09-18T00:06:42.081+03:00  INFO 284 --- [GoFarBot] [restartedMain] liquibase.command                        : Update command completed successfully.
2024-09-18T00:06:42.081+03:00  INFO 284 --- [GoFarBot] [restartedMain] liquibase.ui                             : Liquibase: Update has been successful. Rows affected: 84
2024-09-18T00:06:42.082+03:00  INFO 284 --- [GoFarBot] [restartedMain] liquibase.lockservice                    : Successfully released change log lock
2024-09-18T00:06:42.083+03:00  INFO 284 --- [GoFarBot] [restartedMain] liquibase.command                        : Command execution complete
2024-09-18T00:06:42.190+03:00  INFO 284 --- [GoFarBot] [restartedMain] o.hibernate.jpa.internal.util.LogHelper  : HHH000204: Processing PersistenceUnitInfo [name: default]
2024-09-18T00:06:42.286+03:00  INFO 284 --- [GoFarBot] [restartedMain] org.hibernate.Version                    : HHH000412: Hibernate ORM core version 6.5.2.Final
2024-09-18T00:06:42.337+03:00  INFO 284 --- [GoFarBot] [restartedMain] o.h.c.internal.RegionFactoryInitiator    : HHH000026: Second-level cache disabled
2024-09-18T00:06:42.728+03:00  INFO 284 --- [GoFarBot] [restartedMain] o.s.o.j.p.SpringPersistenceUnitInfo      : No LoadTimeWeaver setup: ignoring JPA class transformer
2024-09-18T00:06:44.051+03:00  INFO 284 --- [GoFarBot] [restartedMain] o.h.e.t.j.p.i.JtaPlatformInitiator       : HHH000489: No JTA platform available (set 'hibernate.transaction.jta.platform' to enable JTA platform integration)
2024-09-18T00:06:44.055+03:00  INFO 284 --- [GoFarBot] [restartedMain] j.LocalContainerEntityManagerFactoryBean : Initialized JPA EntityManagerFactory for persistence unit 'default'
2024-09-18T00:06:44.445+03:00  INFO 284 --- [GoFarBot] [restartedMain] o.s.d.j.r.query.QueryEnhancerFactory     : Hibernate is in classpath; If applicable, HQL parser will be used.
2024-09-18T00:06:45.276+03:00  WARN 284 --- [GoFarBot] [restartedMain] JpaBaseConfiguration$JpaWebConfiguration : spring.jpa.open-in-view is enabled by default. Therefore, database queries may be performed during view rendering. Explicitly configure spring.jpa.open-in-view to disable this warning
2024-09-18T00:06:45.591+03:00  WARN 284 --- [GoFarBot] [restartedMain] ion$DefaultTemplateResolverConfiguration : Cannot find template location: classpath:/templates/ (please add some templates, check your Thymeleaf configuration, or set spring.thymeleaf.check-template-location=false)
2024-09-18T00:06:45.705+03:00  INFO 284 --- [GoFarBot] [restartedMain] o.s.b.d.a.OptionalLiveReloadServer       : LiveReload server is running on port 35729
2024-09-18T00:06:45.746+03:00  INFO 284 --- [GoFarBot] [restartedMain] o.s.b.w.embedded.tomcat.TomcatWebServer  : Tomcat started on port 8080 (http) with context path '/'
2024-09-18T00:06:46.213+03:00  INFO 284 --- [GoFarBot] [restartedMain] c.example.gofarbot.GoFarBotApplication   : Started GoFarBotApplication in 7.956 seconds (process running for 8.814)
2024-09-18T00:06:46.387+03:00  INFO 284 --- [GoFarBot] [restartedMain] c.e.gofarbot.services.StartupRunner      : Successful creating of notifications to actual conferences in  database
2024-09-18T00:07:36.508+03:00  INFO 284 --- [GoFarBot] [SpringApplicationShutdownHook] j.LocalContainerEntityManagerFactoryBean : Closing JPA EntityManagerFactory for persistence unit 'default'
2024-09-18T00:07:36.511+03:00  INFO 284 --- [GoFarBot] [SpringApplicationShutdownHook] com.zaxxer.hikari.HikariDataSource       : HikariPool-1 - Shutdown initiated...
2024-09-18T00:07:36.516+03:00  INFO 284 --- [GoFarBot] [SpringApplicationShutdownHook] com.zaxxer.hikari.HikariDataSource       : HikariPool-1 - Shutdown completed.
2024-09-18T00:39:33.969+03:00  INFO 14656 --- [GoFarBot] [main] c.e.gofarbot.GoFarBotApplicationTests    : Starting GoFarBotApplicationTests using Java 17.0.2 with PID 14656 (started by ���� ������ in C:\Users\���� ������\IdeaProjects\GoFarBot)
2024-09-18T00:39:33.972+03:00  INFO 14656 --- [GoFarBot] [main] c.e.gofarbot.GoFarBotApplicationTests    : No active profile set, falling back to 1 default profile: "default"
2024-09-18T00:39:34.982+03:00  INFO 14656 --- [GoFarBot] [main] .s.d.r.c.RepositoryConfigurationDelegate : Bootstrapping Spring Data JPA repositories in DEFAULT mode.
2024-09-18T00:39:35.093+03:00  INFO 14656 --- [GoFarBot] [main] .s.d.r.c.RepositoryConfigurationDelegate : Finished Spring Data repository scanning in 96 ms. Found 4 JPA repository interfaces.
2024-09-18T00:39:35.880+03:00  INFO 14656 --- [GoFarBot] [main] com.zaxxer.hikari.HikariDataSource       : HikariPool-1 - Starting...
2024-09-18T00:39:36.226+03:00  INFO 14656 --- [GoFarBot] [main] com.zaxxer.hikari.pool.HikariPool        : HikariPool-1 - Added connection org.postgresql.jdbc.PgConnection@3e14d390
2024-09-18T00:39:36.230+03:00  INFO 14656 --- [GoFarBot] [main] com.zaxxer.hikari.HikariDataSource       : HikariPool-1 - Start completed.
2024-09-18T00:39:36.454+03:00  INFO 14656 --- [GoFarBot] [main] liquibase.database                       : Set default schema name to public
2024-09-18T00:39:37.141+03:00  INFO 14656 --- [GoFarBot] [main] liquibase.changelog                      : Reading from public.databasechangelog
2024-09-18T00:39:37.279+03:00  INFO 14656 --- [GoFarBot] [main] liquibase.ui                             : Database is up to date, no changesets to execute
2024-09-18T00:39:37.282+03:00  INFO 14656 --- [GoFarBot] [main] liquibase.changelog                      : Reading from public.databasechangelog
2024-09-18T00:39:37.298+03:00  INFO 14656 --- [GoFarBot] [main] liquibase.util                           : UPDATE SUMMARY
2024-09-18T00:39:37.298+03:00  INFO 14656 --- [GoFarBot] [main] liquibase.util                           : Run:                          0
2024-09-18T00:39:37.299+03:00  INFO 14656 --- [GoFarBot] [main] liquibase.util                           : Previously run:              22
2024-09-18T00:39:37.299+03:00  INFO 14656 --- [GoFarBot] [main] liquibase.util                           : Filtered out:                 0
2024-09-18T00:39:37.299+03:00  INFO 14656 --- [GoFarBot] [main] liquibase.util                           : -------------------------------
2024-09-18T00:39:37.299+03:00  INFO 14656 --- [GoFarBot] [main] liquibase.util                           : Total change sets:           22
2024-09-18T00:39:37.300+03:00  INFO 14656 --- [GoFarBot] [main] liquibase.util                           : Update summary generated
2024-09-18T00:39:37.332+03:00  INFO 14656 --- [GoFarBot] [main] liquibase.lockservice                    : Successfully released change log lock
2024-09-18T00:39:37.334+03:00  INFO 14656 --- [GoFarBot] [main] liquibase.command                        : Command execution complete
2024-09-18T00:39:37.475+03:00  INFO 14656 --- [GoFarBot] [main] o.hibernate.jpa.internal.util.LogHelper  : HHH000204: Processing PersistenceUnitInfo [name: default]
2024-09-18T00:39:37.567+03:00  INFO 14656 --- [GoFarBot] [main] org.hibernate.Version                    : HHH000412: Hibernate ORM core version 6.5.2.Final
2024-09-18T00:39:37.628+03:00  INFO 14656 --- [GoFarBot] [main] o.h.c.internal.RegionFactoryInitiator    : HHH000026: Second-level cache disabled
2024-09-18T00:39:38.078+03:00  INFO 14656 --- [GoFarBot] [main] o.s.o.j.p.SpringPersistenceUnitInfo      : No LoadTimeWeaver setup: ignoring JPA class transformer
2024-09-18T00:39:39.551+03:00  INFO 14656 --- [GoFarBot] [main] o.h.e.t.j.p.i.JtaPlatformInitiator       : HHH000489: No JTA platform available (set 'hibernate.transaction.jta.platform' to enable JTA platform integration)
2024-09-18T00:39:39.555+03:00  INFO 14656 --- [GoFarBot] [main] j.LocalContainerEntityManagerFactoryBean : Initialized JPA EntityManagerFactory for persistence unit 'default'
2024-09-18T00:39:39.996+03:00  INFO 14656 --- [GoFarBot] [main] o.s.d.j.r.query.QueryEnhancerFactory     : Hibernate is in classpath; If applicable, HQL parser will be used.
2024-09-18T00:39:41.071+03:00  WARN 14656 --- [GoFarBot] [main] JpaBaseConfiguration$JpaWebConfiguration : spring.jpa.open-in-view is enabled by default. Therefore, database queries may be performed during view rendering. Explicitly configure spring.jpa.open-in-view to disable this warning
2024-09-18T00:39:41.488+03:00  WARN 14656 --- [GoFarBot] [main] ion$DefaultTemplateResolverConfiguration : Cannot find template location: classpath:/templates/ (please add some templates, check your Thymeleaf configuration, or set spring.thymeleaf.check-template-location=false)
2024-09-18T00:39:42.070+03:00  INFO 14656 --- [GoFarBot] [main] c.e.gofarbot.GoFarBotApplicationTests    : Started GoFarBotApplicationTests in 8.577 seconds (process running for 9.97)
2024-09-18T00:39:42.371+03:00  WARN 14656 --- [GoFarBot] [main] o.h.engine.jdbc.spi.SqlExceptionHelper   : SQL Error: 0, SQLState: 42703
2024-09-18T00:39:42.371+03:00 ERROR 14656 --- [GoFarBot] [main] o.h.engine.jdbc.spi.SqlExceptionHelper   : ������� id �� ������� � ���� ResultSet���.
2024-09-18T00:39:42.381+03:00  INFO 14656 --- [GoFarBot] [main] .s.b.a.l.ConditionEvaluationReportLogger : 

Error starting ApplicationContext. To display the condition evaluation report re-run your application with 'debug' enabled.
2024-09-18T00:39:42.404+03:00 ERROR 14656 --- [GoFarBot] [main] o.s.boot.SpringApplication               : Application run failed

org.springframework.dao.InvalidDataAccessResourceUsageException: Unable to find column position by name: id [������� id �� ������� � ���� ResultSet���.] [n/a]; SQL [n/a]
	at org.springframework.orm.jpa.vendor.HibernateJpaDialect.convertHibernateAccessException(HibernateJpaDialect.java:277) ~[spring-orm-6.1.12.jar:6.1.12]
	at org.springframework.orm.jpa.vendor.HibernateJpaDialect.translateExceptionIfPossible(HibernateJpaDialect.java:241) ~[spring-orm-6.1.12.jar:6.1.12]
	at org.springframework.orm.jpa.AbstractEntityManagerFactoryBean.translateExceptionIfPossible(AbstractEntityManagerFactoryBean.java:550) ~[spring-orm-6.1.12.jar:6.1.12]
	at org.springframework.dao.support.ChainedPersistenceExceptionTranslator.translateExceptionIfPossible(ChainedPersistenceExceptionTranslator.java:61) ~[spring-tx-6.1.12.jar:6.1.12]
	at org.springframework.dao.support.DataAccessUtils.translateIfNecessary(DataAccessUtils.java:335) ~[spring-tx-6.1.12.jar:6.1.12]
	at org.springframework.dao.support.PersistenceExceptionTranslationInterceptor.invoke(PersistenceExceptionTranslationInterceptor.java:160) ~[spring-tx-6.1.12.jar:6.1.12]
	at org.springframework.aop.framework.ReflectiveMethodInvocation.proceed(ReflectiveMethodInvocation.java:184) ~[spring-aop-6.1.12.jar:6.1.12]
	at org.springframework.data.jpa.repository.support.CrudMethodMetadataPostProcessor$CrudMethodMetadataPopulatingMethodInterceptor.invoke(CrudMethodMetadataPostProcessor.java:136) ~[spring-data-jpa-3.3.3.jar:3.3.3]
	at org.springframework.aop.framework.ReflectiveMethodInvocation.proceed(ReflectiveMethodInvocation.java:184) ~[spring-aop-6.1.12.jar:6.1.12]
	at org.springframework.aop.interceptor.ExposeInvocationInterceptor.invoke(ExposeInvocationInterceptor.java:97) ~[spring-aop-6.1.12.jar:6.1.12]
	at org.springframework.aop.framework.ReflectiveMethodInvocation.proceed(ReflectiveMethodInvocation.java:184) ~[spring-aop-6.1.12.jar:6.1.12]
	at org.springframework.aop.framework.JdkDynamicAopProxy.invoke(JdkDynamicAopProxy.java:223) ~[spring-aop-6.1.12.jar:6.1.12]
	at jdk.proxy2/jdk.proxy2.$Proxy158.findAllByDate(Unknown Source) ~[na:na]
	at com.example.gofarbot.services.notifications.DynamicNotificationService.scheduleNotificationForConference(DynamicNotificationService.java:28) ~[classes/:na]
	at com.example.gofarbot.services.StartupRunner.run(StartupRunner.java:27) ~[classes/:na]
	at org.springframework.boot.SpringApplication.lambda$callRunner$4(SpringApplication.java:786) ~[spring-boot-3.3.3.jar:3.3.3]
	at org.springframework.util.function.ThrowingConsumer$1.acceptWithException(ThrowingConsumer.java:83) ~[spring-core-6.1.12.jar:6.1.12]
	at org.springframework.util.function.ThrowingConsumer.accept(ThrowingConsumer.java:60) ~[spring-core-6.1.12.jar:6.1.12]
	at org.springframework.util.function.ThrowingConsumer$1.accept(ThrowingConsumer.java:88) ~[spring-core-6.1.12.jar:6.1.12]
	at org.springframework.boot.SpringApplication.callRunner(SpringApplication.java:798) ~[spring-boot-3.3.3.jar:3.3.3]
	at org.springframework.boot.SpringApplication.callRunner(SpringApplication.java:786) ~[spring-boot-3.3.3.jar:3.3.3]
	at org.springframework.boot.SpringApplication.lambda$callRunners$3(SpringApplication.java:774) ~[spring-boot-3.3.3.jar:3.3.3]
	at java.base/java.util.stream.ForEachOps$ForEachOp$OfRef.accept(ForEachOps.java:183) ~[na:na]
	at java.base/java.util.stream.SortedOps$SizedRefSortingSink.end(SortedOps.java:357) ~[na:na]
	at java.base/java.util.stream.AbstractPipeline.copyInto(AbstractPipeline.java:510) ~[na:na]
	at java.base/java.util.stream.AbstractPipeline.wrapAndCopyInto(AbstractPipeline.java:499) ~[na:na]
	at java.base/java.util.stream.ForEachOps$ForEachOp.evaluateSequential(ForEachOps.java:150) ~[na:na]
	at java.base/java.util.stream.ForEachOps$ForEachOp$OfRef.evaluateSequential(ForEachOps.java:173) ~[na:na]
	at java.base/java.util.stream.AbstractPipeline.evaluate(AbstractPipeline.java:234) ~[na:na]
	at java.base/java.util.stream.ReferencePipeline.forEach(ReferencePipeline.java:596) ~[na:na]
	at org.springframework.boot.SpringApplication.callRunners(SpringApplication.java:774) ~[spring-boot-3.3.3.jar:3.3.3]
	at org.springframework.boot.SpringApplication.run(SpringApplication.java:342) ~[spring-boot-3.3.3.jar:3.3.3]
	at org.springframework.boot.test.context.SpringBootContextLoader.lambda$loadContext$3(SpringBootContextLoader.java:137) ~[spring-boot-test-3.3.3.jar:3.3.3]
	at org.springframework.util.function.ThrowingSupplier.get(ThrowingSupplier.java:58) ~[spring-core-6.1.12.jar:6.1.12]
	at org.springframework.util.function.ThrowingSupplier.get(ThrowingSupplier.java:46) ~[spring-core-6.1.12.jar:6.1.12]
	at org.springframework.boot.SpringApplication.withHook(SpringApplication.java:1463) ~[spring-boot-3.3.3.jar:3.3.3]
	at org.springframework.boot.test.context.SpringBootContextLoader$ContextLoaderHook.run(SpringBootContextLoader.java:553) ~[spring-boot-test-3.3.3.jar:3.3.3]
	at org.springframework.boot.test.context.SpringBootContextLoader.loadContext(SpringBootContextLoader.java:137) ~[spring-boot-test-3.3.3.jar:3.3.3]
	at org.springframework.boot.test.context.SpringBootContextLoader.loadContext(SpringBootContextLoader.java:108) ~[spring-boot-test-3.3.3.jar:3.3.3]
	at org.springframework.test.context.cache.DefaultCacheAwareContextLoaderDelegate.loadContextInternal(DefaultCacheAwareContextLoaderDelegate.java:225) ~[spring-test-6.1.12.jar:6.1.12]
	at org.springframework.test.context.cache.DefaultCacheAwareContextLoaderDelegate.loadContext(DefaultCacheAwareContextLoaderDelegate.java:152) ~[spring-test-6.1.12.jar:6.1.12]
	at org.springframework.test.context.support.DefaultTestContext.getApplicationContext(DefaultTestContext.java:130) ~[spring-test-6.1.12.jar:6.1.12]
	at org.springframework.test.context.web.ServletTestExecutionListener.setUpRequestContextIfNecessary(ServletTestExecutionListener.java:191) ~[spring-test-6.1.12.jar:6.1.12]
	at org.springframework.test.context.web.ServletTestExecutionListener.prepareTestInstance(ServletTestExecutionListener.java:130) ~[spring-test-6.1.12.jar:6.1.12]
	at org.springframework.test.context.TestContextManager.prepareTestInstance(TestContextManager.java:260) ~[spring-test-6.1.12.jar:6.1.12]
	at org.springframework.test.context.junit.jupiter.SpringExtension.postProcessTestInstance(SpringExtension.java:163) ~[spring-test-6.1.12.jar:6.1.12]
	at org.junit.jupiter.engine.descriptor.ClassBasedTestDescriptor.lambda$invokeTestInstancePostProcessors$10(ClassBasedTestDescriptor.java:378) ~[junit-jupiter-engine-5.10.3.jar:5.10.3]
	at org.junit.jupiter.engine.descriptor.ClassBasedTestDescriptor.executeAndMaskThrowable(ClassBasedTestDescriptor.java:383) ~[junit-jupiter-engine-5.10.3.jar:5.10.3]
	at org.junit.jupiter.engine.descriptor.ClassBasedTestDescriptor.lambda$invokeTestInstancePostProcessors$11(ClassBasedTestDescriptor.java:378) ~[junit-jupiter-engine-5.10.3.jar:5.10.3]
	at java.base/java.util.stream.ReferencePipeline$3$1.accept(ReferencePipeline.java:197) ~[na:na]
	at java.base/java.util.stream.ReferencePipeline$2$1.accept(ReferencePipeline.java:179) ~[na:na]
	at java.base/java.util.ArrayList$ArrayListSpliterator.forEachRemaining(ArrayList.java:1625) ~[na:na]
	at java.base/java.util.stream.AbstractPipeline.copyInto(AbstractPipeline.java:509) ~[na:na]
	at java.base/java.util.stream.AbstractPipeline.wrapAndCopyInto(AbstractPipeline.java:499) ~[na:na]
	at java.base/java.util.stream.StreamSpliterators$WrappingSpliterator.forEachRemaining(StreamSpliterators.java:310) ~[na:na]
	at java.base/java.util.stream.Streams$ConcatSpliterator.forEachRemaining(Streams.java:735) ~[na:na]
	at java.base/java.util.stream.Streams$ConcatSpliterator.forEachRemaining(Streams.java:734) ~[na:na]
	at java.base/java.util.stream.ReferencePipeline$Head.forEach(ReferencePipeline.java:762) ~[na:na]
	at org.junit.jupiter.engine.descriptor.ClassBasedTestDescriptor.invokeTestInstancePostProcessors(ClassBasedTestDescriptor.java:377) ~[junit-jupiter-engine-5.10.3.jar:5.10.3]
	at org.junit.jupiter.engine.descriptor.ClassBasedTestDescriptor.lambda$instantiateAndPostProcessTestInstance$6(ClassBasedTestDescriptor.java:290) ~[junit-jupiter-engine-5.10.3.jar:5.10.3]
	at org.junit.platform.engine.support.hierarchical.ThrowableCollector.execute(ThrowableCollector.java:73) ~[junit-platform-engine-1.10.3.jar:1.10.3]
	at org.junit.jupiter.engine.descriptor.ClassBasedTestDescriptor.instantiateAndPostProcessTestInstance(ClassBasedTestDescriptor.java:289) ~[junit-jupiter-engine-5.10.3.jar:5.10.3]
	at org.junit.jupiter.engine.descriptor.ClassBasedTestDescriptor.lambda$testInstancesProvider$4(ClassBasedTestDescriptor.java:279) ~[junit-jupiter-engine-5.10.3.jar:5.10.3]
	at java.base/java.util.Optional.orElseGet(Optional.java:364) ~[na:na]
	at org.junit.jupiter.engine.descriptor.ClassBasedTestDescriptor.lambda$testInstancesProvider$5(ClassBasedTestDescriptor.java:278) ~[junit-jupiter-engine-5.10.3.jar:5.10.3]
	at org.junit.jupiter.engine.execution.TestInstancesProvider.getTestInstances(TestInstancesProvider.java:31) ~[junit-jupiter-engine-5.10.3.jar:5.10.3]
	at org.junit.jupiter.engine.descriptor.TestMethodTestDescriptor.lambda$prepare$0(TestMethodTestDescriptor.java:106) ~[junit-jupiter-engine-5.10.3.jar:5.10.3]
	at org.junit.platform.engine.support.hierarchical.ThrowableCollector.execute(ThrowableCollector.java:73) ~[junit-platform-engine-1.10.3.jar:1.10.3]
	at org.junit.jupiter.engine.descriptor.TestMethodTestDescriptor.prepare(TestMethodTestDescriptor.java:105) ~[junit-jupiter-engine-5.10.3.jar:5.10.3]
	at org.junit.jupiter.engine.descriptor.TestMethodTestDescriptor.prepare(TestMethodTestDescriptor.java:69) ~[junit-jupiter-engine-5.10.3.jar:5.10.3]
	at org.junit.platform.engine.support.hierarchical.NodeTestTask.lambda$prepare$2(NodeTestTask.java:123) ~[junit-platform-engine-1.10.3.jar:1.10.3]
	at org.junit.platform.engine.support.hierarchical.ThrowableCollector.execute(ThrowableCollector.java:73) ~[junit-platform-engine-1.10.3.jar:1.10.3]
	at org.junit.platform.engine.support.hierarchical.NodeTestTask.prepare(NodeTestTask.java:123) ~[junit-platform-engine-1.10.3.jar:1.10.3]
	at org.junit.platform.engine.support.hierarchical.NodeTestTask.execute(NodeTestTask.java:90) ~[junit-platform-engine-1.10.3.jar:1.10.3]
	at java.base/java.util.ArrayList.forEach(ArrayList.java:1511) ~[na:na]
	at org.junit.platform.engine.support.hierarchical.SameThreadHierarchicalTestExecutorService.invokeAll(SameThreadHierarchicalTestExecutorService.java:41) ~[junit-platform-engine-1.10.3.jar:1.10.3]
	at org.junit.platform.engine.support.hierarchical.NodeTestTask.lambda$executeRecursively$6(NodeTestTask.java:155) ~[junit-platform-engine-1.10.3.jar:1.10.3]
	at org.junit.platform.engine.support.hierarchical.ThrowableCollector.execute(ThrowableCollector.java:73) ~[junit-platform-engine-1.10.3.jar:1.10.3]
	at org.junit.platform.engine.support.hierarchical.NodeTestTask.lambda$executeRecursively$8(NodeTestTask.java:141) ~[junit-platform-engine-1.10.3.jar:1.10.3]
	at org.junit.platform.engine.support.hierarchical.Node.around(Node.java:137) ~[junit-platform-engine-1.10.3.jar:1.10.3]
	at org.junit.platform.engine.support.hierarchical.NodeTestTask.lambda$executeRecursively$9(NodeTestTask.java:139) ~[junit-platform-engine-1.10.3.jar:1.10.3]
	at org.junit.platform.engine.support.hierarchical.ThrowableCollector.execute(ThrowableCollector.java:73) ~[junit-platform-engine-1.10.3.jar:1.10.3]
	at org.junit.platform.engine.support.hierarchical.NodeTestTask.executeRecursively(NodeTestTask.java:138) ~[junit-platform-engine-1.10.3.jar:1.10.3]
	at org.junit.platform.engine.support.hierarchical.NodeTestTask.execute(NodeTestTask.java:95) ~[junit-platform-engine-1.10.3.jar:1.10.3]
	at java.base/java.util.ArrayList.forEach(ArrayList.java:1511) ~[na:na]
	at org.junit.platform.engine.support.hierarchical.SameThreadHierarchicalTestExecutorService.invokeAll(SameThreadHierarchicalTestExecutorService.java:41) ~[junit-platform-engine-1.10.3.jar:1.10.3]
	at org.junit.platform.engine.support.hierarchical.NodeTestTask.lambda$executeRecursively$6(NodeTestTask.java:155) ~[junit-platform-engine-1.10.3.jar:1.10.3]
	at org.junit.platform.engine.support.hierarchical.ThrowableCollector.execute(ThrowableCollector.java:73) ~[junit-platform-engine-1.10.3.jar:1.10.3]
	at org.junit.platform.engine.support.hierarchical.NodeTestTask.lambda$executeRecursively$8(NodeTestTask.java:141) ~[junit-platform-engine-1.10.3.jar:1.10.3]
	at org.junit.platform.engine.support.hierarchical.Node.around(Node.java:137) ~[junit-platform-engine-1.10.3.jar:1.10.3]
	at org.junit.platform.engine.support.hierarchical.NodeTestTask.lambda$executeRecursively$9(NodeTestTask.java:139) ~[junit-platform-engine-1.10.3.jar:1.10.3]
	at org.junit.platform.engine.support.hierarchical.ThrowableCollector.execute(ThrowableCollector.java:73) ~[junit-platform-engine-1.10.3.jar:1.10.3]
	at org.junit.platform.engine.support.hierarchical.NodeTestTask.executeRecursively(NodeTestTask.java:138) ~[junit-platform-engine-1.10.3.jar:1.10.3]
	at org.junit.platform.engine.support.hierarchical.NodeTestTask.execute(NodeTestTask.java:95) ~[junit-platform-engine-1.10.3.jar:1.10.3]
	at org.junit.platform.engine.support.hierarchical.SameThreadHierarchicalTestExecutorService.submit(SameThreadHierarchicalTestExecutorService.java:35) ~[junit-platform-engine-1.10.3.jar:1.10.3]
	at org.junit.platform.engine.support.hierarchical.HierarchicalTestExecutor.execute(HierarchicalTestExecutor.java:57) ~[junit-platform-engine-1.10.3.jar:1.10.3]
	at org.junit.platform.engine.support.hierarchical.HierarchicalTestEngine.execute(HierarchicalTestEngine.java:54) ~[junit-platform-engine-1.10.3.jar:1.10.3]
	at org.junit.platform.launcher.core.EngineExecutionOrchestrator.execute(EngineExecutionOrchestrator.java:198) ~[junit-platform-launcher-1.10.3.jar:1.10.3]
	at org.junit.platform.launcher.core.EngineExecutionOrchestrator.execute(EngineExecutionOrchestrator.java:169) ~[junit-platform-launcher-1.10.3.jar:1.10.3]
	at org.junit.platform.launcher.core.EngineExecutionOrchestrator.execute(EngineExecutionOrchestrator.java:93) ~[junit-platform-launcher-1.10.3.jar:1.10.3]
	at org.junit.platform.launcher.core.EngineExecutionOrchestrator.lambda$execute$0(EngineExecutionOrchestrator.java:58) ~[junit-platform-launcher-1.10.3.jar:1.10.3]
	at org.junit.platform.launcher.core.EngineExecutionOrchestrator.withInterceptedStreams(EngineExecutionOrchestrator.java:141) ~[junit-platform-launcher-1.10.3.jar:1.10.3]
	at org.junit.platform.launcher.core.EngineExecutionOrchestrator.execute(EngineExecutionOrchestrator.java:57) ~[junit-platform-launcher-1.10.3.jar:1.10.3]
	at org.junit.platform.launcher.core.DefaultLauncher.execute(DefaultLauncher.java:103) ~[junit-platform-launcher-1.10.3.jar:1.10.3]
	at org.junit.platform.launcher.core.DefaultLauncher.execute(DefaultLauncher.java:85) ~[junit-platform-launcher-1.10.3.jar:1.10.3]
	at org.junit.platform.launcher.core.DelegatingLauncher.execute(DelegatingLauncher.java:47) ~[junit-platform-launcher-1.10.3.jar:1.10.3]
	at org.apache.maven.surefire.junitplatform.LazyLauncher.execute(LazyLauncher.java:56) ~[surefire-junit-platform-3.2.5.jar:3.2.5]
	at org.apache.maven.surefire.junitplatform.JUnitPlatformProvider.execute(JUnitPlatformProvider.java:184) ~[surefire-junit-platform-3.2.5.jar:3.2.5]
	at org.apache.maven.surefire.junitplatform.JUnitPlatformProvider.invokeAllTests(JUnitPlatformProvider.java:148) ~[surefire-junit-platform-3.2.5.jar:3.2.5]
	at org.apache.maven.surefire.junitplatform.JUnitPlatformProvider.invoke(JUnitPlatformProvider.java:122) ~[surefire-junit-platform-3.2.5.jar:3.2.5]
	at org.apache.maven.surefire.booter.ForkedBooter.runSuitesInProcess(ForkedBooter.java:385) ~[surefire-booter-3.2.5.jar:3.2.5]
	at org.apache.maven.surefire.booter.ForkedBooter.execute(ForkedBooter.java:162) ~[surefire-booter-3.2.5.jar:3.2.5]
	at org.apache.maven.surefire.booter.ForkedBooter.run(ForkedBooter.java:507) ~[surefire-booter-3.2.5.jar:3.2.5]
	at org.apache.maven.surefire.booter.ForkedBooter.main(ForkedBooter.java:495) ~[surefire-booter-3.2.5.jar:3.2.5]
Caused by: org.hibernate.exception.SQLGrammarException: Unable to find column position by name: id [������� id �� ������� � ���� ResultSet���.] [n/a]
	at org.hibernate.exception.internal.SQLStateConversionDelegate.convert(SQLStateConversionDelegate.java:91) ~[hibernate-core-6.5.2.Final.jar:6.5.2.Final]
	at org.hibernate.exception.internal.StandardSQLExceptionConverter.convert(StandardSQLExceptionConverter.java:58) ~[hibernate-core-6.5.2.Final.jar:6.5.2.Final]
	at org.hibernate.engine.jdbc.spi.SqlExceptionHelper.convert(SqlExceptionHelper.java:108) ~[hibernate-core-6.5.2.Final.jar:6.5.2.Final]
	at org.hibernate.engine.jdbc.spi.SqlExceptionHelper.convert(SqlExceptionHelper.java:94) ~[hibernate-core-6.5.2.Final.jar:6.5.2.Final]
	at org.hibernate.sql.results.jdbc.internal.AbstractResultSetAccess.resolveColumnPosition(AbstractResultSetAccess.java:70) ~[hibernate-core-6.5.2.Final.jar:6.5.2.Final]
	at org.hibernate.query.results.ResultsHelper.lambda$resolveSqlExpression$0(ResultsHelper.java:63) ~[hibernate-core-6.5.2.Final.jar:6.5.2.Final]
	at org.hibernate.query.results.DomainResultCreationStateImpl.resolveSqlExpression(DomainResultCreationStateImpl.java:278) ~[hibernate-core-6.5.2.Final.jar:6.5.2.Final]
	at org.hibernate.query.results.ResultsHelper.resolveSqlExpression(ResultsHelper.java:57) ~[hibernate-core-6.5.2.Final.jar:6.5.2.Final]
	at org.hibernate.query.results.implicit.ImplicitFetchBuilderBasic.buildFetch(ImplicitFetchBuilderBasic.java:97) ~[hibernate-core-6.5.2.Final.jar:6.5.2.Final]
	at org.hibernate.query.results.implicit.ImplicitFetchBuilderBasic.buildFetch(ImplicitFetchBuilderBasic.java:37) ~[hibernate-core-6.5.2.Final.jar:6.5.2.Final]
	at org.hibernate.query.results.DomainResultCreationStateImpl.visitIdentifierFetch(DomainResultCreationStateImpl.java:430) ~[hibernate-core-6.5.2.Final.jar:6.5.2.Final]
	at org.hibernate.sql.results.graph.entity.AbstractEntityResultGraphNode.afterInitialize(AbstractEntityResultGraphNode.java:49) ~[hibernate-core-6.5.2.Final.jar:6.5.2.Final]
	at org.hibernate.persister.entity.AbstractEntityPersister.createDomainResult(AbstractEntityPersister.java:1361) ~[hibernate-core-6.5.2.Final.jar:6.5.2.Final]
	at org.hibernate.query.results.dynamic.DynamicResultBuilderEntityCalculated.buildResult(DynamicResultBuilderEntityCalculated.java:129) ~[hibernate-core-6.5.2.Final.jar:6.5.2.Final]
	at org.hibernate.query.results.dynamic.DynamicResultBuilderEntityCalculated.buildResult(DynamicResultBuilderEntityCalculated.java:30) ~[hibernate-core-6.5.2.Final.jar:6.5.2.Final]
	at org.hibernate.query.results.ResultSetMappingImpl.resolve(ResultSetMappingImpl.java:229) ~[hibernate-core-6.5.2.Final.jar:6.5.2.Final]
	at org.hibernate.sql.exec.internal.JdbcSelectExecutorStandardImpl.resolveJdbcValuesSource(JdbcSelectExecutorStandardImpl.java:327) ~[hibernate-core-6.5.2.Final.jar:6.5.2.Final]
	at org.hibernate.sql.exec.internal.JdbcSelectExecutorStandardImpl.doExecuteQuery(JdbcSelectExecutorStandardImpl.java:115) ~[hibernate-core-6.5.2.Final.jar:6.5.2.Final]
	at org.hibernate.sql.exec.internal.JdbcSelectExecutorStandardImpl.executeQuery(JdbcSelectExecutorStandardImpl.java:83) ~[hibernate-core-6.5.2.Final.jar:6.5.2.Final]
	at org.hibernate.sql.exec.spi.JdbcSelectExecutor.list(JdbcSelectExecutor.java:76) ~[hibernate-core-6.5.2.Final.jar:6.5.2.Final]
	at org.hibernate.sql.exec.spi.JdbcSelectExecutor.list(JdbcSelectExecutor.java:65) ~[hibernate-core-6.5.2.Final.jar:6.5.2.Final]
	at org.hibernate.query.sql.internal.NativeSelectQueryPlanImpl.performList(NativeSelectQueryPlanImpl.java:138) ~[hibernate-core-6.5.2.Final.jar:6.5.2.Final]
	at org.hibernate.query.sql.internal.NativeQueryImpl.doList(NativeQueryImpl.java:628) ~[hibernate-core-6.5.2.Final.jar:6.5.2.Final]
	at org.hibernate.query.spi.AbstractSelectionQuery.list(AbstractSelectionQuery.java:423) ~[hibernate-core-6.5.2.Final.jar:6.5.2.Final]
	at org.hibernate.query.Query.getResultList(Query.java:120) ~[hibernate-core-6.5.2.Final.jar:6.5.2.Final]
	at java.base/jdk.internal.reflect.NativeMethodAccessorImpl.invoke0(Native Method) ~[na:na]
	at java.base/jdk.internal.reflect.NativeMethodAccessorImpl.invoke(NativeMethodAccessorImpl.java:77) ~[na:na]
	at java.base/jdk.internal.reflect.DelegatingMethodAccessorImpl.invoke(DelegatingMethodAccessorImpl.java:43) ~[na:na]
	at java.base/java.lang.reflect.Method.invoke(Method.java:568) ~[na:na]
	at org.springframework.orm.jpa.SharedEntityManagerCreator$DeferredQueryInvocationHandler.invoke(SharedEntityManagerCreator.java:418) ~[spring-orm-6.1.12.jar:6.1.12]
	at jdk.proxy2/jdk.proxy2.$Proxy174.getResultList(Unknown Source) ~[na:na]
	at org.springframework.data.jpa.repository.query.JpaQueryExecution$CollectionExecution.doExecute(JpaQueryExecution.java:129) ~[spring-data-jpa-3.3.3.jar:3.3.3]
	at org.springframework.data.jpa.repository.query.JpaQueryExecution.execute(JpaQueryExecution.java:92) ~[spring-data-jpa-3.3.3.jar:3.3.3]
	at org.springframework.data.jpa.repository.query.AbstractJpaQuery.doExecute(AbstractJpaQuery.java:152) ~[spring-data-jpa-3.3.3.jar:3.3.3]
	at org.springframework.data.jpa.repository.query.AbstractJpaQuery.execute(AbstractJpaQuery.java:140) ~[spring-data-jpa-3.3.3.jar:3.3.3]
	at org.springframework.data.repository.core.support.RepositoryMethodInvoker.doInvoke(RepositoryMethodInvoker.java:170) ~[spring-data-commons-3.3.3.jar:3.3.3]
	at org.springframework.data.repository.core.support.RepositoryMethodInvoker.invoke(RepositoryMethodInvoker.java:158) ~[spring-data-commons-3.3.3.jar:3.3.3]
	at org.springframework.data.repository.core.support.QueryExecutorMethodInterceptor.doInvoke(QueryExecutorMethodInterceptor.java:169) ~[spring-data-commons-3.3.3.jar:3.3.3]
	at org.springframework.data.repository.core.support.QueryExecutorMethodInterceptor.invoke(QueryExecutorMethodInterceptor.java:148) ~[spring-data-commons-3.3.3.jar:3.3.3]
	at org.springframework.aop.framework.ReflectiveMethodInvocation.proceed(ReflectiveMethodInvocation.java:184) ~[spring-aop-6.1.12.jar:6.1.12]
	at org.springframework.transaction.interceptor.TransactionAspectSupport.invokeWithinTransaction(TransactionAspectSupport.java:379) ~[spring-tx-6.1.12.jar:6.1.12]
	at org.springframework.transaction.interceptor.TransactionInterceptor.invoke(TransactionInterceptor.java:119) ~[spring-tx-6.1.12.jar:6.1.12]
	at org.springframework.aop.framework.ReflectiveMethodInvocation.proceed(ReflectiveMethodInvocation.java:184) ~[spring-aop-6.1.12.jar:6.1.12]
	at org.springframework.dao.support.PersistenceExceptionTranslationInterceptor.invoke(PersistenceExceptionTranslationInterceptor.java:138) ~[spring-tx-6.1.12.jar:6.1.12]
	... 108 common frames omitted
Caused by: org.postgresql.util.PSQLException: ������� id �� ������� � ���� ResultSet���.
	at org.postgresql.jdbc.PgResultSet.findColumn(PgResultSet.java:3085) ~[postgresql-42.7.3.jar:42.7.3]
	at com.zaxxer.hikari.pool.HikariProxyResultSet.findColumn(HikariProxyResultSet.java) ~[HikariCP-5.1.0.jar:na]
	at org.hibernate.sql.results.jdbc.internal.AbstractResultSetAccess.resolveColumnPosition(AbstractResultSetAccess.java:65) ~[hibernate-core-6.5.2.Final.jar:6.5.2.Final]
	... 147 common frames omitted

2024-09-18T00:39:42.428+03:00  INFO 14656 --- [GoFarBot] [main] j.LocalContainerEntityManagerFactoryBean : Closing JPA EntityManagerFactory for persistence unit 'default'
2024-09-18T00:39:42.431+03:00  INFO 14656 --- [GoFarBot] [main] com.zaxxer.hikari.HikariDataSource       : HikariPool-1 - Shutdown initiated...
2024-09-18T00:39:42.441+03:00  INFO 14656 --- [GoFarBot] [main] com.zaxxer.hikari.HikariDataSource       : HikariPool-1 - Shutdown completed.
2024-09-18T00:39:42.450+03:00  WARN 14656 --- [GoFarBot] [main] o.s.test.context.TestContextManager      : Caught exception while allowing TestExecutionListener [org.springframework.test.context.web.ServletTestExecutionListener] to prepare test instance [com.example.gofarbot.GoFarBotApplicationTests@70141128]

java.lang.IllegalStateException: Failed to load ApplicationContext for [WebMergedContextConfiguration@3e8d8bee testClass = com.example.gofarbot.GoFarBotApplicationTests, locations = [], classes = [com.example.gofarbot.GoFarBotApplication], contextInitializerClasses = [], activeProfiles = [], propertySourceDescriptors = [], propertySourceProperties = ["org.springframework.boot.test.context.SpringBootTestContextBootstrapper=true"], contextCustomizers = [org.springframework.boot.test.context.filter.ExcludeFilterContextCustomizer@3e78b6a5, org.springframework.boot.test.json.DuplicateJsonObjectContextCustomizerFactory$DuplicateJsonObjectContextCustomizer@24105dc5, org.springframework.boot.test.mock.mockito.MockitoContextCustomizer@0, org.springframework.boot.test.web.client.TestRestTemplateContextCustomizer@68878f6d, org.springframework.boot.test.web.reactor.netty.DisableReactorResourceFactoryGlobalResourcesContextCustomizerFactory$DisableReactorResourceFactoryGlobalResourcesContextCustomizerCustomizer@53f3bdbd, org.springframework.boot.test.autoconfigure.actuate.observability.ObservabilityContextCustomizerFactory$DisableObservabilityContextCustomizer@1f, org.springframework.boot.test.autoconfigure.properties.PropertyMappingContextCustomizer@0, org.springframework.boot.test.autoconfigure.web.servlet.WebDriverContextCustomizer@51bd8b5c, org.springframework.boot.test.context.SpringBootTestAnnotation@234bec35], resourceBasePath = "src/main/webapp", contextLoader = org.springframework.boot.test.context.SpringBootContextLoader, parent = null]
	at org.springframework.test.context.cache.DefaultCacheAwareContextLoaderDelegate.loadContext(DefaultCacheAwareContextLoaderDelegate.java:180) ~[spring-test-6.1.12.jar:6.1.12]
	at org.springframework.test.context.support.DefaultTestContext.getApplicationContext(DefaultTestContext.java:130) ~[spring-test-6.1.12.jar:6.1.12]
	at org.springframework.test.context.web.ServletTestExecutionListener.setUpRequestContextIfNecessary(ServletTestExecutionListener.java:191) ~[spring-test-6.1.12.jar:6.1.12]
	at org.springframework.test.context.web.ServletTestExecutionListener.prepareTestInstance(ServletTestExecutionListener.java:130) ~[spring-test-6.1.12.jar:6.1.12]
	at org.springframework.test.context.TestContextManager.prepareTestInstance(TestContextManager.java:260) ~[spring-test-6.1.12.jar:6.1.12]
	at org.springframework.test.context.junit.jupiter.SpringExtension.postProcessTestInstance(SpringExtension.java:163) ~[spring-test-6.1.12.jar:6.1.12]
	at org.junit.jupiter.engine.descriptor.ClassBasedTestDescriptor.lambda$invokeTestInstancePostProcessors$10(ClassBasedTestDescriptor.java:378) ~[junit-jupiter-engine-5.10.3.jar:5.10.3]
	at org.junit.jupiter.engine.descriptor.ClassBasedTestDescriptor.executeAndMaskThrowable(ClassBasedTestDescriptor.java:383) ~[junit-jupiter-engine-5.10.3.jar:5.10.3]
	at org.junit.jupiter.engine.descriptor.ClassBasedTestDescriptor.lambda$invokeTestInstancePostProcessors$11(ClassBasedTestDescriptor.java:378) ~[junit-jupiter-engine-5.10.3.jar:5.10.3]
	at java.base/java.util.stream.ReferencePipeline$3$1.accept(ReferencePipeline.java:197) ~[na:na]
	at java.base/java.util.stream.ReferencePipeline$2$1.accept(ReferencePipeline.java:179) ~[na:na]
	at java.base/java.util.ArrayList$ArrayListSpliterator.forEachRemaining(ArrayList.java:1625) ~[na:na]
	at java.base/java.util.stream.AbstractPipeline.copyInto(AbstractPipeline.java:509) ~[na:na]
	at java.base/java.util.stream.AbstractPipeline.wrapAndCopyInto(AbstractPipeline.java:499) ~[na:na]
	at java.base/java.util.stream.StreamSpliterators$WrappingSpliterator.forEachRemaining(StreamSpliterators.java:310) ~[na:na]
	at java.base/java.util.stream.Streams$ConcatSpliterator.forEachRemaining(Streams.java:735) ~[na:na]
	at java.base/java.util.stream.Streams$ConcatSpliterator.forEachRemaining(Streams.java:734) ~[na:na]
	at java.base/java.util.stream.ReferencePipeline$Head.forEach(ReferencePipeline.java:762) ~[na:na]
	at org.junit.jupiter.engine.descriptor.ClassBasedTestDescriptor.invokeTestInstancePostProcessors(ClassBasedTestDescriptor.java:377) ~[junit-jupiter-engine-5.10.3.jar:5.10.3]
	at org.junit.jupiter.engine.descriptor.ClassBasedTestDescriptor.lambda$instantiateAndPostProcessTestInstance$6(ClassBasedTestDescriptor.java:290) ~[junit-jupiter-engine-5.10.3.jar:5.10.3]
	at org.junit.platform.engine.support.hierarchical.ThrowableCollector.execute(ThrowableCollector.java:73) ~[junit-platform-engine-1.10.3.jar:1.10.3]
	at org.junit.jupiter.engine.descriptor.ClassBasedTestDescriptor.instantiateAndPostProcessTestInstance(ClassBasedTestDescriptor.java:289) ~[junit-jupiter-engine-5.10.3.jar:5.10.3]
	at org.junit.jupiter.engine.descriptor.ClassBasedTestDescriptor.lambda$testInstancesProvider$4(ClassBasedTestDescriptor.java:279) ~[junit-jupiter-engine-5.10.3.jar:5.10.3]
	at java.base/java.util.Optional.orElseGet(Optional.java:364) ~[na:na]
	at org.junit.jupiter.engine.descriptor.ClassBasedTestDescriptor.lambda$testInstancesProvider$5(ClassBasedTestDescriptor.java:278) ~[junit-jupiter-engine-5.10.3.jar:5.10.3]
	at org.junit.jupiter.engine.execution.TestInstancesProvider.getTestInstances(TestInstancesProvider.java:31) ~[junit-jupiter-engine-5.10.3.jar:5.10.3]
	at org.junit.jupiter.engine.descriptor.TestMethodTestDescriptor.lambda$prepare$0(TestMethodTestDescriptor.java:106) ~[junit-jupiter-engine-5.10.3.jar:5.10.3]
	at org.junit.platform.engine.support.hierarchical.ThrowableCollector.execute(ThrowableCollector.java:73) ~[junit-platform-engine-1.10.3.jar:1.10.3]
	at org.junit.jupiter.engine.descriptor.TestMethodTestDescriptor.prepare(TestMethodTestDescriptor.java:105) ~[junit-jupiter-engine-5.10.3.jar:5.10.3]
	at org.junit.jupiter.engine.descriptor.TestMethodTestDescriptor.prepare(TestMethodTestDescriptor.java:69) ~[junit-jupiter-engine-5.10.3.jar:5.10.3]
	at org.junit.platform.engine.support.hierarchical.NodeTestTask.lambda$prepare$2(NodeTestTask.java:123) ~[junit-platform-engine-1.10.3.jar:1.10.3]
	at org.junit.platform.engine.support.hierarchical.ThrowableCollector.execute(ThrowableCollector.java:73) ~[junit-platform-engine-1.10.3.jar:1.10.3]
	at org.junit.platform.engine.support.hierarchical.NodeTestTask.prepare(NodeTestTask.java:123) ~[junit-platform-engine-1.10.3.jar:1.10.3]
	at org.junit.platform.engine.support.hierarchical.NodeTestTask.execute(NodeTestTask.java:90) ~[junit-platform-engine-1.10.3.jar:1.10.3]
	at java.base/java.util.ArrayList.forEach(ArrayList.java:1511) ~[na:na]
	at org.junit.platform.engine.support.hierarchical.SameThreadHierarchicalTestExecutorService.invokeAll(SameThreadHierarchicalTestExecutorService.java:41) ~[junit-platform-engine-1.10.3.jar:1.10.3]
	at org.junit.platform.engine.support.hierarchical.NodeTestTask.lambda$executeRecursively$6(NodeTestTask.java:155) ~[junit-platform-engine-1.10.3.jar:1.10.3]
	at org.junit.platform.engine.support.hierarchical.ThrowableCollector.execute(ThrowableCollector.java:73) ~[junit-platform-engine-1.10.3.jar:1.10.3]
	at org.junit.platform.engine.support.hierarchical.NodeTestTask.lambda$executeRecursively$8(NodeTestTask.java:141) ~[junit-platform-engine-1.10.3.jar:1.10.3]
	at org.junit.platform.engine.support.hierarchical.Node.around(Node.java:137) ~[junit-platform-engine-1.10.3.jar:1.10.3]
	at org.junit.platform.engine.support.hierarchical.NodeTestTask.lambda$executeRecursively$9(NodeTestTask.java:139) ~[junit-platform-engine-1.10.3.jar:1.10.3]
	at org.junit.platform.engine.support.hierarchical.ThrowableCollector.execute(ThrowableCollector.java:73) ~[junit-platform-engine-1.10.3.jar:1.10.3]
	at org.junit.platform.engine.support.hierarchical.NodeTestTask.executeRecursively(NodeTestTask.java:138) ~[junit-platform-engine-1.10.3.jar:1.10.3]
	at org.junit.platform.engine.support.hierarchical.NodeTestTask.execute(NodeTestTask.java:95) ~[junit-platform-engine-1.10.3.jar:1.10.3]
	at java.base/java.util.ArrayList.forEach(ArrayList.java:1511) ~[na:na]
	at org.junit.platform.engine.support.hierarchical.SameThreadHierarchicalTestExecutorService.invokeAll(SameThreadHierarchicalTestExecutorService.java:41) ~[junit-platform-engine-1.10.3.jar:1.10.3]
	at org.junit.platform.engine.support.hierarchical.NodeTestTask.lambda$executeRecursively$6(NodeTestTask.java:155) ~[junit-platform-engine-1.10.3.jar:1.10.3]
	at org.junit.platform.engine.support.hierarchical.ThrowableCollector.execute(ThrowableCollector.java:73) ~[junit-platform-engine-1.10.3.jar:1.10.3]
	at org.junit.platform.engine.support.hierarchical.NodeTestTask.lambda$executeRecursively$8(NodeTestTask.java:141) ~[junit-platform-engine-1.10.3.jar:1.10.3]
	at org.junit.platform.engine.support.hierarchical.Node.around(Node.java:137) ~[junit-platform-engine-1.10.3.jar:1.10.3]
	at org.junit.platform.engine.support.hierarchical.NodeTestTask.lambda$executeRecursively$9(NodeTestTask.java:139) ~[junit-platform-engine-1.10.3.jar:1.10.3]
	at org.junit.platform.engine.support.hierarchical.ThrowableCollector.execute(ThrowableCollector.java:73) ~[junit-platform-engine-1.10.3.jar:1.10.3]
	at org.junit.platform.engine.support.hierarchical.NodeTestTask.executeRecursively(NodeTestTask.java:138) ~[junit-platform-engine-1.10.3.jar:1.10.3]
	at org.junit.platform.engine.support.hierarchical.NodeTestTask.execute(NodeTestTask.java:95) ~[junit-platform-engine-1.10.3.jar:1.10.3]
	at org.junit.platform.engine.support.hierarchical.SameThreadHierarchicalTestExecutorService.submit(SameThreadHierarchicalTestExecutorService.java:35) ~[junit-platform-engine-1.10.3.jar:1.10.3]
	at org.junit.platform.engine.support.hierarchical.HierarchicalTestExecutor.execute(HierarchicalTestExecutor.java:57) ~[junit-platform-engine-1.10.3.jar:1.10.3]
	at org.junit.platform.engine.support.hierarchical.HierarchicalTestEngine.execute(HierarchicalTestEngine.java:54) ~[junit-platform-engine-1.10.3.jar:1.10.3]
	at org.junit.platform.launcher.core.EngineExecutionOrchestrator.execute(EngineExecutionOrchestrator.java:198) ~[junit-platform-launcher-1.10.3.jar:1.10.3]
	at org.junit.platform.launcher.core.EngineExecutionOrchestrator.execute(EngineExecutionOrchestrator.java:169) ~[junit-platform-launcher-1.10.3.jar:1.10.3]
	at org.junit.platform.launcher.core.EngineExecutionOrchestrator.execute(EngineExecutionOrchestrator.java:93) ~[junit-platform-launcher-1.10.3.jar:1.10.3]
	at org.junit.platform.launcher.core.EngineExecutionOrchestrator.lambda$execute$0(EngineExecutionOrchestrator.java:58) ~[junit-platform-launcher-1.10.3.jar:1.10.3]
	at org.junit.platform.launcher.core.EngineExecutionOrchestrator.withInterceptedStreams(EngineExecutionOrchestrator.java:141) ~[junit-platform-launcher-1.10.3.jar:1.10.3]
	at org.junit.platform.launcher.core.EngineExecutionOrchestrator.execute(EngineExecutionOrchestrator.java:57) ~[junit-platform-launcher-1.10.3.jar:1.10.3]
	at org.junit.platform.launcher.core.DefaultLauncher.execute(DefaultLauncher.java:103) ~[junit-platform-launcher-1.10.3.jar:1.10.3]
	at org.junit.platform.launcher.core.DefaultLauncher.execute(DefaultLauncher.java:85) ~[junit-platform-launcher-1.10.3.jar:1.10.3]
	at org.junit.platform.launcher.core.DelegatingLauncher.execute(DelegatingLauncher.java:47) ~[junit-platform-launcher-1.10.3.jar:1.10.3]
	at org.apache.maven.surefire.junitplatform.LazyLauncher.execute(LazyLauncher.java:56) ~[surefire-junit-platform-3.2.5.jar:3.2.5]
	at org.apache.maven.surefire.junitplatform.JUnitPlatformProvider.execute(JUnitPlatformProvider.java:184) ~[surefire-junit-platform-3.2.5.jar:3.2.5]
	at org.apache.maven.surefire.junitplatform.JUnitPlatformProvider.invokeAllTests(JUnitPlatformProvider.java:148) ~[surefire-junit-platform-3.2.5.jar:3.2.5]
	at org.apache.maven.surefire.junitplatform.JUnitPlatformProvider.invoke(JUnitPlatformProvider.java:122) ~[surefire-junit-platform-3.2.5.jar:3.2.5]
	at org.apache.maven.surefire.booter.ForkedBooter.runSuitesInProcess(ForkedBooter.java:385) ~[surefire-booter-3.2.5.jar:3.2.5]
	at org.apache.maven.surefire.booter.ForkedBooter.execute(ForkedBooter.java:162) ~[surefire-booter-3.2.5.jar:3.2.5]
	at org.apache.maven.surefire.booter.ForkedBooter.run(ForkedBooter.java:507) ~[surefire-booter-3.2.5.jar:3.2.5]
	at org.apache.maven.surefire.booter.ForkedBooter.main(ForkedBooter.java:495) ~[surefire-booter-3.2.5.jar:3.2.5]
Caused by: org.springframework.dao.InvalidDataAccessResourceUsageException: Unable to find column position by name: id [������� id �� ������� � ���� ResultSet���.] [n/a]; SQL [n/a]
	at org.springframework.orm.jpa.vendor.HibernateJpaDialect.convertHibernateAccessException(HibernateJpaDialect.java:277) ~[spring-orm-6.1.12.jar:6.1.12]
	at org.springframework.orm.jpa.vendor.HibernateJpaDialect.translateExceptionIfPossible(HibernateJpaDialect.java:241) ~[spring-orm-6.1.12.jar:6.1.12]
	at org.springframework.orm.jpa.AbstractEntityManagerFactoryBean.translateExceptionIfPossible(AbstractEntityManagerFactoryBean.java:550) ~[spring-orm-6.1.12.jar:6.1.12]
	at org.springframework.dao.support.ChainedPersistenceExceptionTranslator.translateExceptionIfPossible(ChainedPersistenceExceptionTranslator.java:61) ~[spring-tx-6.1.12.jar:6.1.12]
	at org.springframework.dao.support.DataAccessUtils.translateIfNecessary(DataAccessUtils.java:335) ~[spring-tx-6.1.12.jar:6.1.12]
	at org.springframework.dao.support.PersistenceExceptionTranslationInterceptor.invoke(PersistenceExceptionTranslationInterceptor.java:160) ~[spring-tx-6.1.12.jar:6.1.12]
	at org.springframework.aop.framework.ReflectiveMethodInvocation.proceed(ReflectiveMethodInvocation.java:184) ~[spring-aop-6.1.12.jar:6.1.12]
	at org.springframework.data.jpa.repository.support.CrudMethodMetadataPostProcessor$CrudMethodMetadataPopulatingMethodInterceptor.invoke(CrudMethodMetadataPostProcessor.java:136) ~[spring-data-jpa-3.3.3.jar:3.3.3]
	at org.springframework.aop.framework.ReflectiveMethodInvocation.proceed(ReflectiveMethodInvocation.java:184) ~[spring-aop-6.1.12.jar:6.1.12]
	at org.springframework.aop.interceptor.ExposeInvocationInterceptor.invoke(ExposeInvocationInterceptor.java:97) ~[spring-aop-6.1.12.jar:6.1.12]
	at org.springframework.aop.framework.ReflectiveMethodInvocation.proceed(ReflectiveMethodInvocation.java:184) ~[spring-aop-6.1.12.jar:6.1.12]
	at org.springframework.aop.framework.JdkDynamicAopProxy.invoke(JdkDynamicAopProxy.java:223) ~[spring-aop-6.1.12.jar:6.1.12]
	at jdk.proxy2/jdk.proxy2.$Proxy158.findAllByDate(Unknown Source) ~[na:na]
	at com.example.gofarbot.services.notifications.DynamicNotificationService.scheduleNotificationForConference(DynamicNotificationService.java:28) ~[classes/:na]
	at com.example.gofarbot.services.StartupRunner.run(StartupRunner.java:27) ~[classes/:na]
	at org.springframework.boot.SpringApplication.lambda$callRunner$4(SpringApplication.java:786) ~[spring-boot-3.3.3.jar:3.3.3]
	at org.springframework.util.function.ThrowingConsumer$1.acceptWithException(ThrowingConsumer.java:83) ~[spring-core-6.1.12.jar:6.1.12]
	at org.springframework.util.function.ThrowingConsumer.accept(ThrowingConsumer.java:60) ~[spring-core-6.1.12.jar:6.1.12]
	at org.springframework.util.function.ThrowingConsumer$1.accept(ThrowingConsumer.java:88) ~[spring-core-6.1.12.jar:6.1.12]
	at org.springframework.boot.SpringApplication.callRunner(SpringApplication.java:798) ~[spring-boot-3.3.3.jar:3.3.3]
	at org.springframework.boot.SpringApplication.callRunner(SpringApplication.java:786) ~[spring-boot-3.3.3.jar:3.3.3]
	at org.springframework.boot.SpringApplication.lambda$callRunners$3(SpringApplication.java:774) ~[spring-boot-3.3.3.jar:3.3.3]
	at java.base/java.util.stream.ForEachOps$ForEachOp$OfRef.accept(ForEachOps.java:183) ~[na:na]
	at java.base/java.util.stream.SortedOps$SizedRefSortingSink.end(SortedOps.java:357) ~[na:na]
	at java.base/java.util.stream.AbstractPipeline.copyInto(AbstractPipeline.java:510) ~[na:na]
	at java.base/java.util.stream.AbstractPipeline.wrapAndCopyInto(AbstractPipeline.java:499) ~[na:na]
	at java.base/java.util.stream.ForEachOps$ForEachOp.evaluateSequential(ForEachOps.java:150) ~[na:na]
	at java.base/java.util.stream.ForEachOps$ForEachOp$OfRef.evaluateSequential(ForEachOps.java:173) ~[na:na]
	at java.base/java.util.stream.AbstractPipeline.evaluate(AbstractPipeline.java:234) ~[na:na]
	at java.base/java.util.stream.ReferencePipeline.forEach(ReferencePipeline.java:596) ~[na:na]
	at org.springframework.boot.SpringApplication.callRunners(SpringApplication.java:774) ~[spring-boot-3.3.3.jar:3.3.3]
	at org.springframework.boot.SpringApplication.run(SpringApplication.java:342) ~[spring-boot-3.3.3.jar:3.3.3]
	at org.springframework.boot.test.context.SpringBootContextLoader.lambda$loadContext$3(SpringBootContextLoader.java:137) ~[spring-boot-test-3.3.3.jar:3.3.3]
	at org.springframework.util.function.ThrowingSupplier.get(ThrowingSupplier.java:58) ~[spring-core-6.1.12.jar:6.1.12]
	at org.springframework.util.function.ThrowingSupplier.get(ThrowingSupplier.java:46) ~[spring-core-6.1.12.jar:6.1.12]
	at org.springframework.boot.SpringApplication.withHook(SpringApplication.java:1463) ~[spring-boot-3.3.3.jar:3.3.3]
	at org.springframework.boot.test.context.SpringBootContextLoader$ContextLoaderHook.run(SpringBootContextLoader.java:553) ~[spring-boot-test-3.3.3.jar:3.3.3]
	at org.springframework.boot.test.context.SpringBootContextLoader.loadContext(SpringBootContextLoader.java:137) ~[spring-boot-test-3.3.3.jar:3.3.3]
	at org.springframework.boot.test.context.SpringBootContextLoader.loadContext(SpringBootContextLoader.java:108) ~[spring-boot-test-3.3.3.jar:3.3.3]
	at org.springframework.test.context.cache.DefaultCacheAwareContextLoaderDelegate.loadContextInternal(DefaultCacheAwareContextLoaderDelegate.java:225) ~[spring-test-6.1.12.jar:6.1.12]
	at org.springframework.test.context.cache.DefaultCacheAwareContextLoaderDelegate.loadContext(DefaultCacheAwareContextLoaderDelegate.java:152) ~[spring-test-6.1.12.jar:6.1.12]
	... 73 common frames omitted
Caused by: org.hibernate.exception.SQLGrammarException: Unable to find column position by name: id [������� id �� ������� � ���� ResultSet���.] [n/a]
	at org.hibernate.exception.internal.SQLStateConversionDelegate.convert(SQLStateConversionDelegate.java:91) ~[hibernate-core-6.5.2.Final.jar:6.5.2.Final]
	at org.hibernate.exception.internal.StandardSQLExceptionConverter.convert(StandardSQLExceptionConverter.java:58) ~[hibernate-core-6.5.2.Final.jar:6.5.2.Final]
	at org.hibernate.engine.jdbc.spi.SqlExceptionHelper.convert(SqlExceptionHelper.java:108) ~[hibernate-core-6.5.2.Final.jar:6.5.2.Final]
	at org.hibernate.engine.jdbc.spi.SqlExceptionHelper.convert(SqlExceptionHelper.java:94) ~[hibernate-core-6.5.2.Final.jar:6.5.2.Final]
	at org.hibernate.sql.results.jdbc.internal.AbstractResultSetAccess.resolveColumnPosition(AbstractResultSetAccess.java:70) ~[hibernate-core-6.5.2.Final.jar:6.5.2.Final]
	at org.hibernate.query.results.ResultsHelper.lambda$resolveSqlExpression$0(ResultsHelper.java:63) ~[hibernate-core-6.5.2.Final.jar:6.5.2.Final]
	at org.hibernate.query.results.DomainResultCreationStateImpl.resolveSqlExpression(DomainResultCreationStateImpl.java:278) ~[hibernate-core-6.5.2.Final.jar:6.5.2.Final]
	at org.hibernate.query.results.ResultsHelper.resolveSqlExpression(ResultsHelper.java:57) ~[hibernate-core-6.5.2.Final.jar:6.5.2.Final]
	at org.hibernate.query.results.implicit.ImplicitFetchBuilderBasic.buildFetch(ImplicitFetchBuilderBasic.java:97) ~[hibernate-core-6.5.2.Final.jar:6.5.2.Final]
	at org.hibernate.query.results.implicit.ImplicitFetchBuilderBasic.buildFetch(ImplicitFetchBuilderBasic.java:37) ~[hibernate-core-6.5.2.Final.jar:6.5.2.Final]
	at org.hibernate.query.results.DomainResultCreationStateImpl.visitIdentifierFetch(DomainResultCreationStateImpl.java:430) ~[hibernate-core-6.5.2.Final.jar:6.5.2.Final]
	at org.hibernate.sql.results.graph.entity.AbstractEntityResultGraphNode.afterInitialize(AbstractEntityResultGraphNode.java:49) ~[hibernate-core-6.5.2.Final.jar:6.5.2.Final]
	at org.hibernate.persister.entity.AbstractEntityPersister.createDomainResult(AbstractEntityPersister.java:1361) ~[hibernate-core-6.5.2.Final.jar:6.5.2.Final]
	at org.hibernate.query.results.dynamic.DynamicResultBuilderEntityCalculated.buildResult(DynamicResultBuilderEntityCalculated.java:129) ~[hibernate-core-6.5.2.Final.jar:6.5.2.Final]
	at org.hibernate.query.results.dynamic.DynamicResultBuilderEntityCalculated.buildResult(DynamicResultBuilderEntityCalculated.java:30) ~[hibernate-core-6.5.2.Final.jar:6.5.2.Final]
	at org.hibernate.query.results.ResultSetMappingImpl.resolve(ResultSetMappingImpl.java:229) ~[hibernate-core-6.5.2.Final.jar:6.5.2.Final]
	at org.hibernate.sql.exec.internal.JdbcSelectExecutorStandardImpl.resolveJdbcValuesSource(JdbcSelectExecutorStandardImpl.java:327) ~[hibernate-core-6.5.2.Final.jar:6.5.2.Final]
	at org.hibernate.sql.exec.internal.JdbcSelectExecutorStandardImpl.doExecuteQuery(JdbcSelectExecutorStandardImpl.java:115) ~[hibernate-core-6.5.2.Final.jar:6.5.2.Final]
	at org.hibernate.sql.exec.internal.JdbcSelectExecutorStandardImpl.executeQuery(JdbcSelectExecutorStandardImpl.java:83) ~[hibernate-core-6.5.2.Final.jar:6.5.2.Final]
	at org.hibernate.sql.exec.spi.JdbcSelectExecutor.list(JdbcSelectExecutor.java:76) ~[hibernate-core-6.5.2.Final.jar:6.5.2.Final]
	at org.hibernate.sql.exec.spi.JdbcSelectExecutor.list(JdbcSelectExecutor.java:65) ~[hibernate-core-6.5.2.Final.jar:6.5.2.Final]
	at org.hibernate.query.sql.internal.NativeSelectQueryPlanImpl.performList(NativeSelectQueryPlanImpl.java:138) ~[hibernate-core-6.5.2.Final.jar:6.5.2.Final]
	at org.hibernate.query.sql.internal.NativeQueryImpl.doList(NativeQueryImpl.java:628) ~[hibernate-core-6.5.2.Final.jar:6.5.2.Final]
	at org.hibernate.query.spi.AbstractSelectionQuery.list(AbstractSelectionQuery.java:423) ~[hibernate-core-6.5.2.Final.jar:6.5.2.Final]
	at org.hibernate.query.Query.getResultList(Query.java:120) ~[hibernate-core-6.5.2.Final.jar:6.5.2.Final]
	at java.base/jdk.internal.reflect.NativeMethodAccessorImpl.invoke0(Native Method) ~[na:na]
	at java.base/jdk.internal.reflect.NativeMethodAccessorImpl.invoke(NativeMethodAccessorImpl.java:77) ~[na:na]
	at java.base/jdk.internal.reflect.DelegatingMethodAccessorImpl.invoke(DelegatingMethodAccessorImpl.java:43) ~[na:na]
	at java.base/java.lang.reflect.Method.invoke(Method.java:568) ~[na:na]
	at org.springframework.orm.jpa.SharedEntityManagerCreator$DeferredQueryInvocationHandler.invoke(SharedEntityManagerCreator.java:418) ~[spring-orm-6.1.12.jar:6.1.12]
	at jdk.proxy2/jdk.proxy2.$Proxy174.getResultList(Unknown Source) ~[na:na]
	at org.springframework.data.jpa.repository.query.JpaQueryExecution$CollectionExecution.doExecute(JpaQueryExecution.java:129) ~[spring-data-jpa-3.3.3.jar:3.3.3]
	at org.springframework.data.jpa.repository.query.JpaQueryExecution.execute(JpaQueryExecution.java:92) ~[spring-data-jpa-3.3.3.jar:3.3.3]
	at org.springframework.data.jpa.repository.query.AbstractJpaQuery.doExecute(AbstractJpaQuery.java:152) ~[spring-data-jpa-3.3.3.jar:3.3.3]
	at org.springframework.data.jpa.repository.query.AbstractJpaQuery.execute(AbstractJpaQuery.java:140) ~[spring-data-jpa-3.3.3.jar:3.3.3]
	at org.springframework.data.repository.core.support.RepositoryMethodInvoker.doInvoke(RepositoryMethodInvoker.java:170) ~[spring-data-commons-3.3.3.jar:3.3.3]
	at org.springframework.data.repository.core.support.RepositoryMethodInvoker.invoke(RepositoryMethodInvoker.java:158) ~[spring-data-commons-3.3.3.jar:3.3.3]
	at org.springframework.data.repository.core.support.QueryExecutorMethodInterceptor.doInvoke(QueryExecutorMethodInterceptor.java:169) ~[spring-data-commons-3.3.3.jar:3.3.3]
	at org.springframework.data.repository.core.support.QueryExecutorMethodInterceptor.invoke(QueryExecutorMethodInterceptor.java:148) ~[spring-data-commons-3.3.3.jar:3.3.3]
	at org.springframework.aop.framework.ReflectiveMethodInvocation.proceed(ReflectiveMethodInvocation.java:184) ~[spring-aop-6.1.12.jar:6.1.12]
	at org.springframework.transaction.interceptor.TransactionAspectSupport.invokeWithinTransaction(TransactionAspectSupport.java:379) ~[spring-tx-6.1.12.jar:6.1.12]
	at org.springframework.transaction.interceptor.TransactionInterceptor.invoke(TransactionInterceptor.java:119) ~[spring-tx-6.1.12.jar:6.1.12]
	at org.springframework.aop.framework.ReflectiveMethodInvocation.proceed(ReflectiveMethodInvocation.java:184) ~[spring-aop-6.1.12.jar:6.1.12]
	at org.springframework.dao.support.PersistenceExceptionTranslationInterceptor.invoke(PersistenceExceptionTranslationInterceptor.java:138) ~[spring-tx-6.1.12.jar:6.1.12]
	... 108 common frames omitted
Caused by: org.postgresql.util.PSQLException: ������� id �� ������� � ���� ResultSet���.
	at org.postgresql.jdbc.PgResultSet.findColumn(PgResultSet.java:3085) ~[postgresql-42.7.3.jar:42.7.3]
	at com.zaxxer.hikari.pool.HikariProxyResultSet.findColumn(HikariProxyResultSet.java) ~[HikariCP-5.1.0.jar:na]
	at org.hibernate.sql.results.jdbc.internal.AbstractResultSetAccess.resolveColumnPosition(AbstractResultSetAccess.java:65) ~[hibernate-core-6.5.2.Final.jar:6.5.2.Final]
	... 147 common frames omitted

2024-09-18T00:41:03.192+03:00  INFO 11944 --- [GoFarBot] [restartedMain] c.example.gofarbot.GoFarBotApplication   : Starting GoFarBotApplication using Java 17.0.2 with PID 11944 (C:\Users\Сева Счетов\IdeaProjects\GoFarBot\target\classes started by Сева Счетов in C:\Users\Сева Счетов\IdeaProjects\GoFarBot)
2024-09-18T00:41:03.195+03:00  INFO 11944 --- [GoFarBot] [restartedMain] c.example.gofarbot.GoFarBotApplication   : No active profile set, falling back to 1 default profile: "default"
2024-09-18T00:41:03.249+03:00  INFO 11944 --- [GoFarBot] [restartedMain] .e.DevToolsPropertyDefaultsPostProcessor : Devtools property defaults active! Set 'spring.devtools.add-properties' to 'false' to disable
2024-09-18T00:41:03.249+03:00  INFO 11944 --- [GoFarBot] [restartedMain] .e.DevToolsPropertyDefaultsPostProcessor : For additional web related logging consider setting the 'logging.level.web' property to 'DEBUG'
2024-09-18T00:41:03.963+03:00  INFO 11944 --- [GoFarBot] [restartedMain] .s.d.r.c.RepositoryConfigurationDelegate : Bootstrapping Spring Data JPA repositories in DEFAULT mode.
2024-09-18T00:41:04.039+03:00  INFO 11944 --- [GoFarBot] [restartedMain] .s.d.r.c.RepositoryConfigurationDelegate : Finished Spring Data repository scanning in 67 ms. Found 4 JPA repository interfaces.
2024-09-18T00:41:04.893+03:00  INFO 11944 --- [GoFarBot] [restartedMain] o.s.b.w.embedded.tomcat.TomcatWebServer  : Tomcat initialized with port 8080 (http)
2024-09-18T00:41:04.909+03:00  INFO 11944 --- [GoFarBot] [restartedMain] o.apache.catalina.core.StandardService   : Starting service [Tomcat]
2024-09-18T00:41:04.909+03:00  INFO 11944 --- [GoFarBot] [restartedMain] o.apache.catalina.core.StandardEngine    : Starting Servlet engine: [Apache Tomcat/10.1.28]
2024-09-18T00:41:04.981+03:00  INFO 11944 --- [GoFarBot] [restartedMain] o.a.c.c.C.[Tomcat].[localhost].[/]       : Initializing Spring embedded WebApplicationContext
2024-09-18T00:41:04.981+03:00  INFO 11944 --- [GoFarBot] [restartedMain] w.s.c.ServletWebServerApplicationContext : Root WebApplicationContext: initialization completed in 1731 ms
2024-09-18T00:41:05.145+03:00  INFO 11944 --- [GoFarBot] [restartedMain] com.zaxxer.hikari.HikariDataSource       : HikariPool-1 - Starting...
2024-09-18T00:41:05.337+03:00  INFO 11944 --- [GoFarBot] [restartedMain] com.zaxxer.hikari.pool.HikariPool        : HikariPool-1 - Added connection org.postgresql.jdbc.PgConnection@5409e73e
2024-09-18T00:41:05.338+03:00  INFO 11944 --- [GoFarBot] [restartedMain] com.zaxxer.hikari.HikariDataSource       : HikariPool-1 - Start completed.
2024-09-18T00:41:05.511+03:00  INFO 11944 --- [GoFarBot] [restartedMain] liquibase.database                       : Set default schema name to public
2024-09-18T00:41:06.005+03:00  INFO 11944 --- [GoFarBot] [restartedMain] liquibase.changelog                      : Reading from public.databasechangelog
2024-09-18T00:41:06.097+03:00  INFO 11944 --- [GoFarBot] [restartedMain] liquibase.ui                             : Database is up to date, no changesets to execute
2024-09-18T00:41:06.099+03:00  INFO 11944 --- [GoFarBot] [restartedMain] liquibase.changelog                      : Reading from public.databasechangelog
2024-09-18T00:41:06.119+03:00  INFO 11944 --- [GoFarBot] [restartedMain] liquibase.util                           : UPDATE SUMMARY
2024-09-18T00:41:06.120+03:00  INFO 11944 --- [GoFarBot] [restartedMain] liquibase.util                           : Run:                          0
2024-09-18T00:41:06.120+03:00  INFO 11944 --- [GoFarBot] [restartedMain] liquibase.util                           : Previously run:              22
2024-09-18T00:41:06.120+03:00  INFO 11944 --- [GoFarBot] [restartedMain] liquibase.util                           : Filtered out:                 0
2024-09-18T00:41:06.120+03:00  INFO 11944 --- [GoFarBot] [restartedMain] liquibase.util                           : -------------------------------
2024-09-18T00:41:06.120+03:00  INFO 11944 --- [GoFarBot] [restartedMain] liquibase.util                           : Total change sets:           22
2024-09-18T00:41:06.122+03:00  INFO 11944 --- [GoFarBot] [restartedMain] liquibase.util                           : Update summary generated
2024-09-18T00:41:06.150+03:00  INFO 11944 --- [GoFarBot] [restartedMain] liquibase.lockservice                    : Successfully released change log lock
2024-09-18T00:41:06.152+03:00  INFO 11944 --- [GoFarBot] [restartedMain] liquibase.command                        : Command execution complete
2024-09-18T00:41:06.247+03:00  INFO 11944 --- [GoFarBot] [restartedMain] o.hibernate.jpa.internal.util.LogHelper  : HHH000204: Processing PersistenceUnitInfo [name: default]
2024-09-18T00:41:06.322+03:00  INFO 11944 --- [GoFarBot] [restartedMain] org.hibernate.Version                    : HHH000412: Hibernate ORM core version 6.5.2.Final
2024-09-18T00:41:06.361+03:00  INFO 11944 --- [GoFarBot] [restartedMain] o.h.c.internal.RegionFactoryInitiator    : HHH000026: Second-level cache disabled
2024-09-18T00:41:06.701+03:00  INFO 11944 --- [GoFarBot] [restartedMain] o.s.o.j.p.SpringPersistenceUnitInfo      : No LoadTimeWeaver setup: ignoring JPA class transformer
2024-09-18T00:41:07.900+03:00  INFO 11944 --- [GoFarBot] [restartedMain] o.h.e.t.j.p.i.JtaPlatformInitiator       : HHH000489: No JTA platform available (set 'hibernate.transaction.jta.platform' to enable JTA platform integration)
2024-09-18T00:41:07.904+03:00  INFO 11944 --- [GoFarBot] [restartedMain] j.LocalContainerEntityManagerFactoryBean : Initialized JPA EntityManagerFactory for persistence unit 'default'
2024-09-18T00:41:08.238+03:00  INFO 11944 --- [GoFarBot] [restartedMain] o.s.d.j.r.query.QueryEnhancerFactory     : Hibernate is in classpath; If applicable, HQL parser will be used.
2024-09-18T00:41:08.919+03:00  WARN 11944 --- [GoFarBot] [restartedMain] JpaBaseConfiguration$JpaWebConfiguration : spring.jpa.open-in-view is enabled by default. Therefore, database queries may be performed during view rendering. Explicitly configure spring.jpa.open-in-view to disable this warning
2024-09-18T00:41:09.192+03:00  WARN 11944 --- [GoFarBot] [restartedMain] ion$DefaultTemplateResolverConfiguration : Cannot find template location: classpath:/templates/ (please add some templates, check your Thymeleaf configuration, or set spring.thymeleaf.check-template-location=false)
2024-09-18T00:41:09.304+03:00  INFO 11944 --- [GoFarBot] [restartedMain] o.s.b.d.a.OptionalLiveReloadServer       : LiveReload server is running on port 35729
2024-09-18T00:41:09.348+03:00  INFO 11944 --- [GoFarBot] [restartedMain] o.s.b.w.embedded.tomcat.TomcatWebServer  : Tomcat started on port 8080 (http) with context path '/'
2024-09-18T00:41:09.741+03:00  INFO 11944 --- [GoFarBot] [restartedMain] c.example.gofarbot.GoFarBotApplication   : Started GoFarBotApplication in 7.077 seconds (process running for 7.968)
2024-09-18T00:41:09.984+03:00  WARN 11944 --- [GoFarBot] [restartedMain] o.h.engine.jdbc.spi.SqlExceptionHelper   : SQL Error: 0, SQLState: 42703
2024-09-18T00:41:09.984+03:00 ERROR 11944 --- [GoFarBot] [restartedMain] o.h.engine.jdbc.spi.SqlExceptionHelper   : Колонки id не найдено в этом ResultSet’’е.
2024-09-18T00:41:09.993+03:00  INFO 11944 --- [GoFarBot] [restartedMain] .s.b.a.l.ConditionEvaluationReportLogger : 

Error starting ApplicationContext. To display the condition evaluation report re-run your application with 'debug' enabled.
2024-09-18T00:41:10.012+03:00 ERROR 11944 --- [GoFarBot] [restartedMain] o.s.boot.SpringApplication               : Application run failed

org.springframework.dao.InvalidDataAccessResourceUsageException: Unable to find column position by name: id [Колонки id не найдено в этом ResultSet’’е.] [n/a]; SQL [n/a]
	at org.springframework.orm.jpa.vendor.HibernateJpaDialect.convertHibernateAccessException(HibernateJpaDialect.java:277) ~[spring-orm-6.1.12.jar:6.1.12]
	at org.springframework.orm.jpa.vendor.HibernateJpaDialect.translateExceptionIfPossible(HibernateJpaDialect.java:241) ~[spring-orm-6.1.12.jar:6.1.12]
	at org.springframework.orm.jpa.AbstractEntityManagerFactoryBean.translateExceptionIfPossible(AbstractEntityManagerFactoryBean.java:550) ~[spring-orm-6.1.12.jar:6.1.12]
	at org.springframework.dao.support.ChainedPersistenceExceptionTranslator.translateExceptionIfPossible(ChainedPersistenceExceptionTranslator.java:61) ~[spring-tx-6.1.12.jar:6.1.12]
	at org.springframework.dao.support.DataAccessUtils.translateIfNecessary(DataAccessUtils.java:335) ~[spring-tx-6.1.12.jar:6.1.12]
	at org.springframework.dao.support.PersistenceExceptionTranslationInterceptor.invoke(PersistenceExceptionTranslationInterceptor.java:160) ~[spring-tx-6.1.12.jar:6.1.12]
	at org.springframework.aop.framework.ReflectiveMethodInvocation.proceed(ReflectiveMethodInvocation.java:184) ~[spring-aop-6.1.12.jar:6.1.12]
	at org.springframework.data.jpa.repository.support.CrudMethodMetadataPostProcessor$CrudMethodMetadataPopulatingMethodInterceptor.invoke(CrudMethodMetadataPostProcessor.java:136) ~[spring-data-jpa-3.3.3.jar:3.3.3]
	at org.springframework.aop.framework.ReflectiveMethodInvocation.proceed(ReflectiveMethodInvocation.java:184) ~[spring-aop-6.1.12.jar:6.1.12]
	at org.springframework.aop.interceptor.ExposeInvocationInterceptor.invoke(ExposeInvocationInterceptor.java:97) ~[spring-aop-6.1.12.jar:6.1.12]
	at org.springframework.aop.framework.ReflectiveMethodInvocation.proceed(ReflectiveMethodInvocation.java:184) ~[spring-aop-6.1.12.jar:6.1.12]
	at org.springframework.aop.framework.JdkDynamicAopProxy.invoke(JdkDynamicAopProxy.java:223) ~[spring-aop-6.1.12.jar:6.1.12]
	at jdk.proxy4/jdk.proxy4.$Proxy158.findAllByDate(Unknown Source) ~[na:na]
	at com.example.gofarbot.services.notifications.DynamicNotificationService.scheduleNotificationForConference(DynamicNotificationService.java:28) ~[classes/:na]
	at com.example.gofarbot.services.StartupRunner.run(StartupRunner.java:27) ~[classes/:na]
	at org.springframework.boot.SpringApplication.lambda$callRunner$4(SpringApplication.java:786) ~[spring-boot-3.3.3.jar:3.3.3]
	at org.springframework.util.function.ThrowingConsumer$1.acceptWithException(ThrowingConsumer.java:83) ~[spring-core-6.1.12.jar:6.1.12]
	at org.springframework.util.function.ThrowingConsumer.accept(ThrowingConsumer.java:60) ~[spring-core-6.1.12.jar:6.1.12]
	at org.springframework.util.function.ThrowingConsumer$1.accept(ThrowingConsumer.java:88) ~[spring-core-6.1.12.jar:6.1.12]
	at org.springframework.boot.SpringApplication.callRunner(SpringApplication.java:798) ~[spring-boot-3.3.3.jar:3.3.3]
	at org.springframework.boot.SpringApplication.callRunner(SpringApplication.java:786) ~[spring-boot-3.3.3.jar:3.3.3]
	at org.springframework.boot.SpringApplication.lambda$callRunners$3(SpringApplication.java:774) ~[spring-boot-3.3.3.jar:3.3.3]
	at java.base/java.util.stream.ForEachOps$ForEachOp$OfRef.accept(ForEachOps.java:183) ~[na:na]
	at java.base/java.util.stream.SortedOps$SizedRefSortingSink.end(SortedOps.java:357) ~[na:na]
	at java.base/java.util.stream.AbstractPipeline.copyInto(AbstractPipeline.java:510) ~[na:na]
	at java.base/java.util.stream.AbstractPipeline.wrapAndCopyInto(AbstractPipeline.java:499) ~[na:na]
	at java.base/java.util.stream.ForEachOps$ForEachOp.evaluateSequential(ForEachOps.java:150) ~[na:na]
	at java.base/java.util.stream.ForEachOps$ForEachOp$OfRef.evaluateSequential(ForEachOps.java:173) ~[na:na]
	at java.base/java.util.stream.AbstractPipeline.evaluate(AbstractPipeline.java:234) ~[na:na]
	at java.base/java.util.stream.ReferencePipeline.forEach(ReferencePipeline.java:596) ~[na:na]
	at org.springframework.boot.SpringApplication.callRunners(SpringApplication.java:774) ~[spring-boot-3.3.3.jar:3.3.3]
	at org.springframework.boot.SpringApplication.run(SpringApplication.java:342) ~[spring-boot-3.3.3.jar:3.3.3]
	at org.springframework.boot.SpringApplication.run(SpringApplication.java:1363) ~[spring-boot-3.3.3.jar:3.3.3]
	at org.springframework.boot.SpringApplication.run(SpringApplication.java:1352) ~[spring-boot-3.3.3.jar:3.3.3]
	at com.example.gofarbot.GoFarBotApplication.main(GoFarBotApplication.java:11) ~[classes/:na]
	at java.base/jdk.internal.reflect.NativeMethodAccessorImpl.invoke0(Native Method) ~[na:na]
	at java.base/jdk.internal.reflect.NativeMethodAccessorImpl.invoke(NativeMethodAccessorImpl.java:77) ~[na:na]
	at java.base/jdk.internal.reflect.DelegatingMethodAccessorImpl.invoke(DelegatingMethodAccessorImpl.java:43) ~[na:na]
	at java.base/java.lang.reflect.Method.invoke(Method.java:568) ~[na:na]
	at org.springframework.boot.devtools.restart.RestartLauncher.run(RestartLauncher.java:50) ~[spring-boot-devtools-3.3.3.jar:3.3.3]
Caused by: org.hibernate.exception.SQLGrammarException: Unable to find column position by name: id [Колонки id не найдено в этом ResultSet’’е.] [n/a]
	at org.hibernate.exception.internal.SQLStateConversionDelegate.convert(SQLStateConversionDelegate.java:91) ~[hibernate-core-6.5.2.Final.jar:6.5.2.Final]
	at org.hibernate.exception.internal.StandardSQLExceptionConverter.convert(StandardSQLExceptionConverter.java:58) ~[hibernate-core-6.5.2.Final.jar:6.5.2.Final]
	at org.hibernate.engine.jdbc.spi.SqlExceptionHelper.convert(SqlExceptionHelper.java:108) ~[hibernate-core-6.5.2.Final.jar:6.5.2.Final]
	at org.hibernate.engine.jdbc.spi.SqlExceptionHelper.convert(SqlExceptionHelper.java:94) ~[hibernate-core-6.5.2.Final.jar:6.5.2.Final]
	at org.hibernate.sql.results.jdbc.internal.AbstractResultSetAccess.resolveColumnPosition(AbstractResultSetAccess.java:70) ~[hibernate-core-6.5.2.Final.jar:6.5.2.Final]
	at org.hibernate.query.results.ResultsHelper.lambda$resolveSqlExpression$0(ResultsHelper.java:63) ~[hibernate-core-6.5.2.Final.jar:6.5.2.Final]
	at org.hibernate.query.results.DomainResultCreationStateImpl.resolveSqlExpression(DomainResultCreationStateImpl.java:278) ~[hibernate-core-6.5.2.Final.jar:6.5.2.Final]
	at org.hibernate.query.results.ResultsHelper.resolveSqlExpression(ResultsHelper.java:57) ~[hibernate-core-6.5.2.Final.jar:6.5.2.Final]
	at org.hibernate.query.results.implicit.ImplicitFetchBuilderBasic.buildFetch(ImplicitFetchBuilderBasic.java:97) ~[hibernate-core-6.5.2.Final.jar:6.5.2.Final]
	at org.hibernate.query.results.implicit.ImplicitFetchBuilderBasic.buildFetch(ImplicitFetchBuilderBasic.java:37) ~[hibernate-core-6.5.2.Final.jar:6.5.2.Final]
	at org.hibernate.query.results.DomainResultCreationStateImpl.visitIdentifierFetch(DomainResultCreationStateImpl.java:430) ~[hibernate-core-6.5.2.Final.jar:6.5.2.Final]
	at org.hibernate.sql.results.graph.entity.AbstractEntityResultGraphNode.afterInitialize(AbstractEntityResultGraphNode.java:49) ~[hibernate-core-6.5.2.Final.jar:6.5.2.Final]
	at org.hibernate.persister.entity.AbstractEntityPersister.createDomainResult(AbstractEntityPersister.java:1361) ~[hibernate-core-6.5.2.Final.jar:6.5.2.Final]
	at org.hibernate.query.results.dynamic.DynamicResultBuilderEntityCalculated.buildResult(DynamicResultBuilderEntityCalculated.java:129) ~[hibernate-core-6.5.2.Final.jar:6.5.2.Final]
	at org.hibernate.query.results.dynamic.DynamicResultBuilderEntityCalculated.buildResult(DynamicResultBuilderEntityCalculated.java:30) ~[hibernate-core-6.5.2.Final.jar:6.5.2.Final]
	at org.hibernate.query.results.ResultSetMappingImpl.resolve(ResultSetMappingImpl.java:229) ~[hibernate-core-6.5.2.Final.jar:6.5.2.Final]
	at org.hibernate.sql.exec.internal.JdbcSelectExecutorStandardImpl.resolveJdbcValuesSource(JdbcSelectExecutorStandardImpl.java:327) ~[hibernate-core-6.5.2.Final.jar:6.5.2.Final]
	at org.hibernate.sql.exec.internal.JdbcSelectExecutorStandardImpl.doExecuteQuery(JdbcSelectExecutorStandardImpl.java:115) ~[hibernate-core-6.5.2.Final.jar:6.5.2.Final]
	at org.hibernate.sql.exec.internal.JdbcSelectExecutorStandardImpl.executeQuery(JdbcSelectExecutorStandardImpl.java:83) ~[hibernate-core-6.5.2.Final.jar:6.5.2.Final]
	at org.hibernate.sql.exec.spi.JdbcSelectExecutor.list(JdbcSelectExecutor.java:76) ~[hibernate-core-6.5.2.Final.jar:6.5.2.Final]
	at org.hibernate.sql.exec.spi.JdbcSelectExecutor.list(JdbcSelectExecutor.java:65) ~[hibernate-core-6.5.2.Final.jar:6.5.2.Final]
	at org.hibernate.query.sql.internal.NativeSelectQueryPlanImpl.performList(NativeSelectQueryPlanImpl.java:138) ~[hibernate-core-6.5.2.Final.jar:6.5.2.Final]
	at org.hibernate.query.sql.internal.NativeQueryImpl.doList(NativeQueryImpl.java:628) ~[hibernate-core-6.5.2.Final.jar:6.5.2.Final]
	at org.hibernate.query.spi.AbstractSelectionQuery.list(AbstractSelectionQuery.java:423) ~[hibernate-core-6.5.2.Final.jar:6.5.2.Final]
	at org.hibernate.query.Query.getResultList(Query.java:120) ~[hibernate-core-6.5.2.Final.jar:6.5.2.Final]
	at java.base/jdk.internal.reflect.NativeMethodAccessorImpl.invoke0(Native Method) ~[na:na]
	at java.base/jdk.internal.reflect.NativeMethodAccessorImpl.invoke(NativeMethodAccessorImpl.java:77) ~[na:na]
	at java.base/jdk.internal.reflect.DelegatingMethodAccessorImpl.invoke(DelegatingMethodAccessorImpl.java:43) ~[na:na]
	at java.base/java.lang.reflect.Method.invoke(Method.java:568) ~[na:na]
	at org.springframework.orm.jpa.SharedEntityManagerCreator$DeferredQueryInvocationHandler.invoke(SharedEntityManagerCreator.java:418) ~[spring-orm-6.1.12.jar:6.1.12]
	at jdk.proxy4/jdk.proxy4.$Proxy171.getResultList(Unknown Source) ~[na:na]
	at org.springframework.data.jpa.repository.query.JpaQueryExecution$CollectionExecution.doExecute(JpaQueryExecution.java:129) ~[spring-data-jpa-3.3.3.jar:3.3.3]
	at org.springframework.data.jpa.repository.query.JpaQueryExecution.execute(JpaQueryExecution.java:92) ~[spring-data-jpa-3.3.3.jar:3.3.3]
	at org.springframework.data.jpa.repository.query.AbstractJpaQuery.doExecute(AbstractJpaQuery.java:152) ~[spring-data-jpa-3.3.3.jar:3.3.3]
	at org.springframework.data.jpa.repository.query.AbstractJpaQuery.execute(AbstractJpaQuery.java:140) ~[spring-data-jpa-3.3.3.jar:3.3.3]
	at org.springframework.data.repository.core.support.RepositoryMethodInvoker.doInvoke(RepositoryMethodInvoker.java:170) ~[spring-data-commons-3.3.3.jar:3.3.3]
	at org.springframework.data.repository.core.support.RepositoryMethodInvoker.invoke(RepositoryMethodInvoker.java:158) ~[spring-data-commons-3.3.3.jar:3.3.3]
	at org.springframework.data.repository.core.support.QueryExecutorMethodInterceptor.doInvoke(QueryExecutorMethodInterceptor.java:169) ~[spring-data-commons-3.3.3.jar:3.3.3]
	at org.springframework.data.repository.core.support.QueryExecutorMethodInterceptor.invoke(QueryExecutorMethodInterceptor.java:148) ~[spring-data-commons-3.3.3.jar:3.3.3]
	at org.springframework.aop.framework.ReflectiveMethodInvocation.proceed(ReflectiveMethodInvocation.java:184) ~[spring-aop-6.1.12.jar:6.1.12]
	at org.springframework.transaction.interceptor.TransactionAspectSupport.invokeWithinTransaction(TransactionAspectSupport.java:379) ~[spring-tx-6.1.12.jar:6.1.12]
	at org.springframework.transaction.interceptor.TransactionInterceptor.invoke(TransactionInterceptor.java:119) ~[spring-tx-6.1.12.jar:6.1.12]
	at org.springframework.aop.framework.ReflectiveMethodInvocation.proceed(ReflectiveMethodInvocation.java:184) ~[spring-aop-6.1.12.jar:6.1.12]
	at org.springframework.dao.support.PersistenceExceptionTranslationInterceptor.invoke(PersistenceExceptionTranslationInterceptor.java:138) ~[spring-tx-6.1.12.jar:6.1.12]
	... 34 common frames omitted
Caused by: org.postgresql.util.PSQLException: Колонки id не найдено в этом ResultSet’’е.
	at org.postgresql.jdbc.PgResultSet.findColumn(PgResultSet.java:3085) ~[postgresql-42.7.3.jar:42.7.3]
	at com.zaxxer.hikari.pool.HikariProxyResultSet.findColumn(HikariProxyResultSet.java) ~[HikariCP-5.1.0.jar:na]
	at org.hibernate.sql.results.jdbc.internal.AbstractResultSetAccess.resolveColumnPosition(AbstractResultSetAccess.java:65) ~[hibernate-core-6.5.2.Final.jar:6.5.2.Final]
	... 73 common frames omitted

2024-09-18T00:41:10.670+03:00  INFO 11944 --- [GoFarBot] [restartedMain] j.LocalContainerEntityManagerFactoryBean : Closing JPA EntityManagerFactory for persistence unit 'default'
2024-09-18T00:41:10.673+03:00  INFO 11944 --- [GoFarBot] [restartedMain] com.zaxxer.hikari.HikariDataSource       : HikariPool-1 - Shutdown initiated...
2024-09-18T00:41:10.677+03:00  INFO 11944 --- [GoFarBot] [restartedMain] com.zaxxer.hikari.HikariDataSource       : HikariPool-1 - Shutdown completed.
2024-09-18T00:42:13.606+03:00  INFO 19304 --- [GoFarBot] [restartedMain] c.example.gofarbot.GoFarBotApplication   : Starting GoFarBotApplication using Java 17.0.2 with PID 19304 (C:\Users\Сева Счетов\IdeaProjects\GoFarBot\target\classes started by Сева Счетов in C:\Users\Сева Счетов\IdeaProjects\GoFarBot)
2024-09-18T00:42:13.610+03:00  INFO 19304 --- [GoFarBot] [restartedMain] c.example.gofarbot.GoFarBotApplication   : No active profile set, falling back to 1 default profile: "default"
2024-09-18T00:42:13.662+03:00  INFO 19304 --- [GoFarBot] [restartedMain] .e.DevToolsPropertyDefaultsPostProcessor : Devtools property defaults active! Set 'spring.devtools.add-properties' to 'false' to disable
2024-09-18T00:42:13.663+03:00  INFO 19304 --- [GoFarBot] [restartedMain] .e.DevToolsPropertyDefaultsPostProcessor : For additional web related logging consider setting the 'logging.level.web' property to 'DEBUG'
2024-09-18T00:42:14.356+03:00  INFO 19304 --- [GoFarBot] [restartedMain] .s.d.r.c.RepositoryConfigurationDelegate : Bootstrapping Spring Data JPA repositories in DEFAULT mode.
2024-09-18T00:42:14.430+03:00  INFO 19304 --- [GoFarBot] [restartedMain] .s.d.r.c.RepositoryConfigurationDelegate : Finished Spring Data repository scanning in 66 ms. Found 4 JPA repository interfaces.
2024-09-18T00:42:15.239+03:00  INFO 19304 --- [GoFarBot] [restartedMain] o.s.b.w.embedded.tomcat.TomcatWebServer  : Tomcat initialized with port 8080 (http)
2024-09-18T00:42:15.253+03:00  INFO 19304 --- [GoFarBot] [restartedMain] o.apache.catalina.core.StandardService   : Starting service [Tomcat]
2024-09-18T00:42:15.254+03:00  INFO 19304 --- [GoFarBot] [restartedMain] o.apache.catalina.core.StandardEngine    : Starting Servlet engine: [Apache Tomcat/10.1.28]
2024-09-18T00:42:15.324+03:00  INFO 19304 --- [GoFarBot] [restartedMain] o.a.c.c.C.[Tomcat].[localhost].[/]       : Initializing Spring embedded WebApplicationContext
2024-09-18T00:42:15.324+03:00  INFO 19304 --- [GoFarBot] [restartedMain] w.s.c.ServletWebServerApplicationContext : Root WebApplicationContext: initialization completed in 1661 ms
2024-09-18T00:42:15.486+03:00  INFO 19304 --- [GoFarBot] [restartedMain] com.zaxxer.hikari.HikariDataSource       : HikariPool-1 - Starting...
2024-09-18T00:42:15.661+03:00  INFO 19304 --- [GoFarBot] [restartedMain] com.zaxxer.hikari.pool.HikariPool        : HikariPool-1 - Added connection org.postgresql.jdbc.PgConnection@4487a0f8
2024-09-18T00:42:15.662+03:00  INFO 19304 --- [GoFarBot] [restartedMain] com.zaxxer.hikari.HikariDataSource       : HikariPool-1 - Start completed.
2024-09-18T00:42:15.829+03:00  INFO 19304 --- [GoFarBot] [restartedMain] liquibase.database                       : Set default schema name to public
2024-09-18T00:42:16.292+03:00  INFO 19304 --- [GoFarBot] [restartedMain] liquibase.changelog                      : Reading from public.databasechangelog
2024-09-18T00:42:16.386+03:00  INFO 19304 --- [GoFarBot] [restartedMain] liquibase.ui                             : Database is up to date, no changesets to execute
2024-09-18T00:42:16.388+03:00  INFO 19304 --- [GoFarBot] [restartedMain] liquibase.changelog                      : Reading from public.databasechangelog
2024-09-18T00:42:16.407+03:00  INFO 19304 --- [GoFarBot] [restartedMain] liquibase.util                           : UPDATE SUMMARY
2024-09-18T00:42:16.407+03:00  INFO 19304 --- [GoFarBot] [restartedMain] liquibase.util                           : Run:                          0
2024-09-18T00:42:16.407+03:00  INFO 19304 --- [GoFarBot] [restartedMain] liquibase.util                           : Previously run:              22
2024-09-18T00:42:16.407+03:00  INFO 19304 --- [GoFarBot] [restartedMain] liquibase.util                           : Filtered out:                 0
2024-09-18T00:42:16.408+03:00  INFO 19304 --- [GoFarBot] [restartedMain] liquibase.util                           : -------------------------------
2024-09-18T00:42:16.408+03:00  INFO 19304 --- [GoFarBot] [restartedMain] liquibase.util                           : Total change sets:           22
2024-09-18T00:42:16.409+03:00  INFO 19304 --- [GoFarBot] [restartedMain] liquibase.util                           : Update summary generated
2024-09-18T00:42:16.431+03:00  INFO 19304 --- [GoFarBot] [restartedMain] liquibase.lockservice                    : Successfully released change log lock
2024-09-18T00:42:16.433+03:00  INFO 19304 --- [GoFarBot] [restartedMain] liquibase.command                        : Command execution complete
2024-09-18T00:42:16.534+03:00  INFO 19304 --- [GoFarBot] [restartedMain] o.hibernate.jpa.internal.util.LogHelper  : HHH000204: Processing PersistenceUnitInfo [name: default]
2024-09-18T00:42:16.601+03:00  INFO 19304 --- [GoFarBot] [restartedMain] org.hibernate.Version                    : HHH000412: Hibernate ORM core version 6.5.2.Final
2024-09-18T00:42:16.638+03:00  INFO 19304 --- [GoFarBot] [restartedMain] o.h.c.internal.RegionFactoryInitiator    : HHH000026: Second-level cache disabled
2024-09-18T00:42:16.954+03:00  INFO 19304 --- [GoFarBot] [restartedMain] o.s.o.j.p.SpringPersistenceUnitInfo      : No LoadTimeWeaver setup: ignoring JPA class transformer
2024-09-18T00:42:18.123+03:00  INFO 19304 --- [GoFarBot] [restartedMain] o.h.e.t.j.p.i.JtaPlatformInitiator       : HHH000489: No JTA platform available (set 'hibernate.transaction.jta.platform' to enable JTA platform integration)
2024-09-18T00:42:18.127+03:00  INFO 19304 --- [GoFarBot] [restartedMain] j.LocalContainerEntityManagerFactoryBean : Initialized JPA EntityManagerFactory for persistence unit 'default'
2024-09-18T00:42:18.459+03:00  INFO 19304 --- [GoFarBot] [restartedMain] o.s.d.j.r.query.QueryEnhancerFactory     : Hibernate is in classpath; If applicable, HQL parser will be used.
2024-09-18T00:42:19.131+03:00  WARN 19304 --- [GoFarBot] [restartedMain] JpaBaseConfiguration$JpaWebConfiguration : spring.jpa.open-in-view is enabled by default. Therefore, database queries may be performed during view rendering. Explicitly configure spring.jpa.open-in-view to disable this warning
2024-09-18T00:42:19.406+03:00  WARN 19304 --- [GoFarBot] [restartedMain] ion$DefaultTemplateResolverConfiguration : Cannot find template location: classpath:/templates/ (please add some templates, check your Thymeleaf configuration, or set spring.thymeleaf.check-template-location=false)
2024-09-18T00:42:19.515+03:00  INFO 19304 --- [GoFarBot] [restartedMain] o.s.b.d.a.OptionalLiveReloadServer       : LiveReload server is running on port 35729
2024-09-18T00:42:19.556+03:00  INFO 19304 --- [GoFarBot] [restartedMain] o.s.b.w.embedded.tomcat.TomcatWebServer  : Tomcat started on port 8080 (http) with context path '/'
2024-09-18T00:42:19.933+03:00  INFO 19304 --- [GoFarBot] [restartedMain] c.example.gofarbot.GoFarBotApplication   : Started GoFarBotApplication in 6.819 seconds (process running for 7.612)
2024-09-18T00:42:20.184+03:00  INFO 19304 --- [GoFarBot] [restartedMain] c.e.gofarbot.services.StartupRunner      : Successful creating of notifications to actual conferences in  database
2024-09-18T00:42:52.214+03:00  INFO 19304 --- [GoFarBot] [SpringApplicationShutdownHook] j.LocalContainerEntityManagerFactoryBean : Closing JPA EntityManagerFactory for persistence unit 'default'
2024-09-18T00:42:52.216+03:00  INFO 19304 --- [GoFarBot] [SpringApplicationShutdownHook] com.zaxxer.hikari.HikariDataSource       : HikariPool-1 - Shutdown initiated...
2024-09-18T00:42:52.220+03:00  INFO 19304 --- [GoFarBot] [SpringApplicationShutdownHook] com.zaxxer.hikari.HikariDataSource       : HikariPool-1 - Shutdown completed.
2024-09-18T00:43:10.731+03:00  INFO 10700 --- [GoFarBot] [main] c.e.gofarbot.GoFarBotApplicationTests    : Starting GoFarBotApplicationTests using Java 17.0.2 with PID 10700 (started by ���� ������ in C:\Users\���� ������\IdeaProjects\GoFarBot)
2024-09-18T00:43:10.734+03:00  INFO 10700 --- [GoFarBot] [main] c.e.gofarbot.GoFarBotApplicationTests    : No active profile set, falling back to 1 default profile: "default"
2024-09-18T00:43:11.688+03:00  INFO 10700 --- [GoFarBot] [main] .s.d.r.c.RepositoryConfigurationDelegate : Bootstrapping Spring Data JPA repositories in DEFAULT mode.
2024-09-18T00:43:11.787+03:00  INFO 10700 --- [GoFarBot] [main] .s.d.r.c.RepositoryConfigurationDelegate : Finished Spring Data repository scanning in 88 ms. Found 4 JPA repository interfaces.
2024-09-18T00:43:12.673+03:00  INFO 10700 --- [GoFarBot] [main] com.zaxxer.hikari.HikariDataSource       : HikariPool-1 - Starting...
2024-09-18T00:43:13.036+03:00  INFO 10700 --- [GoFarBot] [main] com.zaxxer.hikari.pool.HikariPool        : HikariPool-1 - Added connection org.postgresql.jdbc.PgConnection@75e80a97
2024-09-18T00:43:13.039+03:00  INFO 10700 --- [GoFarBot] [main] com.zaxxer.hikari.HikariDataSource       : HikariPool-1 - Start completed.
2024-09-18T00:43:13.296+03:00  INFO 10700 --- [GoFarBot] [main] liquibase.database                       : Set default schema name to public
2024-09-18T00:43:13.940+03:00  INFO 10700 --- [GoFarBot] [main] liquibase.changelog                      : Reading from public.databasechangelog
2024-09-18T00:43:14.075+03:00  INFO 10700 --- [GoFarBot] [main] liquibase.ui                             : Database is up to date, no changesets to execute
2024-09-18T00:43:14.077+03:00  INFO 10700 --- [GoFarBot] [main] liquibase.changelog                      : Reading from public.databasechangelog
2024-09-18T00:43:14.093+03:00  INFO 10700 --- [GoFarBot] [main] liquibase.util                           : UPDATE SUMMARY
2024-09-18T00:43:14.093+03:00  INFO 10700 --- [GoFarBot] [main] liquibase.util                           : Run:                          0
2024-09-18T00:43:14.093+03:00  INFO 10700 --- [GoFarBot] [main] liquibase.util                           : Previously run:              22
2024-09-18T00:43:14.093+03:00  INFO 10700 --- [GoFarBot] [main] liquibase.util                           : Filtered out:                 0
2024-09-18T00:43:14.094+03:00  INFO 10700 --- [GoFarBot] [main] liquibase.util                           : -------------------------------
2024-09-18T00:43:14.094+03:00  INFO 10700 --- [GoFarBot] [main] liquibase.util                           : Total change sets:           22
2024-09-18T00:43:14.095+03:00  INFO 10700 --- [GoFarBot] [main] liquibase.util                           : Update summary generated
2024-09-18T00:43:14.123+03:00  INFO 10700 --- [GoFarBot] [main] liquibase.lockservice                    : Successfully released change log lock
2024-09-18T00:43:14.125+03:00  INFO 10700 --- [GoFarBot] [main] liquibase.command                        : Command execution complete
2024-09-18T00:43:14.256+03:00  INFO 10700 --- [GoFarBot] [main] o.hibernate.jpa.internal.util.LogHelper  : HHH000204: Processing PersistenceUnitInfo [name: default]
2024-09-18T00:43:14.354+03:00  INFO 10700 --- [GoFarBot] [main] org.hibernate.Version                    : HHH000412: Hibernate ORM core version 6.5.2.Final
2024-09-18T00:43:14.412+03:00  INFO 10700 --- [GoFarBot] [main] o.h.c.internal.RegionFactoryInitiator    : HHH000026: Second-level cache disabled
2024-09-18T00:43:14.837+03:00  INFO 10700 --- [GoFarBot] [main] o.s.o.j.p.SpringPersistenceUnitInfo      : No LoadTimeWeaver setup: ignoring JPA class transformer
2024-09-18T00:43:16.239+03:00  INFO 10700 --- [GoFarBot] [main] o.h.e.t.j.p.i.JtaPlatformInitiator       : HHH000489: No JTA platform available (set 'hibernate.transaction.jta.platform' to enable JTA platform integration)
2024-09-18T00:43:16.242+03:00  INFO 10700 --- [GoFarBot] [main] j.LocalContainerEntityManagerFactoryBean : Initialized JPA EntityManagerFactory for persistence unit 'default'
2024-09-18T00:43:16.685+03:00  INFO 10700 --- [GoFarBot] [main] o.s.d.j.r.query.QueryEnhancerFactory     : Hibernate is in classpath; If applicable, HQL parser will be used.
2024-09-18T00:43:17.755+03:00  WARN 10700 --- [GoFarBot] [main] JpaBaseConfiguration$JpaWebConfiguration : spring.jpa.open-in-view is enabled by default. Therefore, database queries may be performed during view rendering. Explicitly configure spring.jpa.open-in-view to disable this warning
2024-09-18T00:43:18.211+03:00  WARN 10700 --- [GoFarBot] [main] ion$DefaultTemplateResolverConfiguration : Cannot find template location: classpath:/templates/ (please add some templates, check your Thymeleaf configuration, or set spring.thymeleaf.check-template-location=false)
2024-09-18T00:43:18.805+03:00  INFO 10700 --- [GoFarBot] [main] c.e.gofarbot.GoFarBotApplicationTests    : Started GoFarBotApplicationTests in 8.612 seconds (process running for 9.897)
2024-09-18T00:43:19.097+03:00  INFO 10700 --- [GoFarBot] [main] c.e.gofarbot.services.StartupRunner      : Successful creating of notifications to actual conferences in  database
2024-09-18T00:43:19.754+03:00  INFO 10700 --- [GoFarBot] [SpringApplicationShutdownHook] j.LocalContainerEntityManagerFactoryBean : Closing JPA EntityManagerFactory for persistence unit 'default'
2024-09-18T00:43:19.757+03:00  INFO 10700 --- [GoFarBot] [SpringApplicationShutdownHook] com.zaxxer.hikari.HikariDataSource       : HikariPool-1 - Shutdown initiated...
2024-09-18T00:43:19.764+03:00  INFO 10700 --- [GoFarBot] [SpringApplicationShutdownHook] com.zaxxer.hikari.HikariDataSource       : HikariPool-1 - Shutdown completed.
2024-09-18T01:09:14.544+03:00  INFO 16856 --- [GoFarBot] [restartedMain] c.example.gofarbot.GoFarBotApplication   : Starting GoFarBotApplication using Java 17.0.2 with PID 16856 (C:\Users\Сева Счетов\IdeaProjects\GoFarBot\target\classes started by Сева Счетов in C:\Users\Сева Счетов\IdeaProjects\GoFarBot)
2024-09-18T01:09:14.547+03:00  INFO 16856 --- [GoFarBot] [restartedMain] c.example.gofarbot.GoFarBotApplication   : No active profile set, falling back to 1 default profile: "default"
2024-09-18T01:09:14.598+03:00  INFO 16856 --- [GoFarBot] [restartedMain] .e.DevToolsPropertyDefaultsPostProcessor : Devtools property defaults active! Set 'spring.devtools.add-properties' to 'false' to disable
2024-09-18T01:09:14.598+03:00  INFO 16856 --- [GoFarBot] [restartedMain] .e.DevToolsPropertyDefaultsPostProcessor : For additional web related logging consider setting the 'logging.level.web' property to 'DEBUG'
2024-09-18T01:09:15.315+03:00  INFO 16856 --- [GoFarBot] [restartedMain] .s.d.r.c.RepositoryConfigurationDelegate : Bootstrapping Spring Data JPA repositories in DEFAULT mode.
2024-09-18T01:09:15.396+03:00  INFO 16856 --- [GoFarBot] [restartedMain] .s.d.r.c.RepositoryConfigurationDelegate : Finished Spring Data repository scanning in 74 ms. Found 4 JPA repository interfaces.
2024-09-18T01:09:16.276+03:00  INFO 16856 --- [GoFarBot] [restartedMain] o.s.b.w.embedded.tomcat.TomcatWebServer  : Tomcat initialized with port 8080 (http)
2024-09-18T01:09:16.293+03:00  INFO 16856 --- [GoFarBot] [restartedMain] o.apache.catalina.core.StandardService   : Starting service [Tomcat]
2024-09-18T01:09:16.293+03:00  INFO 16856 --- [GoFarBot] [restartedMain] o.apache.catalina.core.StandardEngine    : Starting Servlet engine: [Apache Tomcat/10.1.28]
2024-09-18T01:09:16.375+03:00  INFO 16856 --- [GoFarBot] [restartedMain] o.a.c.c.C.[Tomcat].[localhost].[/]       : Initializing Spring embedded WebApplicationContext
2024-09-18T01:09:16.376+03:00  INFO 16856 --- [GoFarBot] [restartedMain] w.s.c.ServletWebServerApplicationContext : Root WebApplicationContext: initialization completed in 1777 ms
2024-09-18T01:09:16.551+03:00  INFO 16856 --- [GoFarBot] [restartedMain] com.zaxxer.hikari.HikariDataSource       : HikariPool-1 - Starting...
2024-09-18T01:09:16.744+03:00  INFO 16856 --- [GoFarBot] [restartedMain] com.zaxxer.hikari.pool.HikariPool        : HikariPool-1 - Added connection org.postgresql.jdbc.PgConnection@2f3d1015
2024-09-18T01:09:16.746+03:00  INFO 16856 --- [GoFarBot] [restartedMain] com.zaxxer.hikari.HikariDataSource       : HikariPool-1 - Start completed.
2024-09-18T01:09:16.963+03:00  INFO 16856 --- [GoFarBot] [restartedMain] liquibase.database                       : Set default schema name to public
2024-09-18T01:09:17.512+03:00  INFO 16856 --- [GoFarBot] [restartedMain] liquibase.changelog                      : Reading from public.databasechangelog
2024-09-18T01:09:17.639+03:00  INFO 16856 --- [GoFarBot] [restartedMain] liquibase.ui                             : Database is up to date, no changesets to execute
2024-09-18T01:09:17.641+03:00  INFO 16856 --- [GoFarBot] [restartedMain] liquibase.changelog                      : Reading from public.databasechangelog
2024-09-18T01:09:17.662+03:00  INFO 16856 --- [GoFarBot] [restartedMain] liquibase.util                           : UPDATE SUMMARY
2024-09-18T01:09:17.662+03:00  INFO 16856 --- [GoFarBot] [restartedMain] liquibase.util                           : Run:                          0
2024-09-18T01:09:17.662+03:00  INFO 16856 --- [GoFarBot] [restartedMain] liquibase.util                           : Previously run:              22
2024-09-18T01:09:17.662+03:00  INFO 16856 --- [GoFarBot] [restartedMain] liquibase.util                           : Filtered out:                 0
2024-09-18T01:09:17.662+03:00  INFO 16856 --- [GoFarBot] [restartedMain] liquibase.util                           : -------------------------------
2024-09-18T01:09:17.663+03:00  INFO 16856 --- [GoFarBot] [restartedMain] liquibase.util                           : Total change sets:           22
2024-09-18T01:09:17.664+03:00  INFO 16856 --- [GoFarBot] [restartedMain] liquibase.util                           : Update summary generated
2024-09-18T01:09:17.693+03:00  INFO 16856 --- [GoFarBot] [restartedMain] liquibase.lockservice                    : Successfully released change log lock
2024-09-18T01:09:17.695+03:00  INFO 16856 --- [GoFarBot] [restartedMain] liquibase.command                        : Command execution complete
2024-09-18T01:09:17.813+03:00  INFO 16856 --- [GoFarBot] [restartedMain] o.hibernate.jpa.internal.util.LogHelper  : HHH000204: Processing PersistenceUnitInfo [name: default]
2024-09-18T01:09:17.920+03:00  INFO 16856 --- [GoFarBot] [restartedMain] org.hibernate.Version                    : HHH000412: Hibernate ORM core version 6.5.2.Final
2024-09-18T01:09:17.976+03:00  INFO 16856 --- [GoFarBot] [restartedMain] o.h.c.internal.RegionFactoryInitiator    : HHH000026: Second-level cache disabled
2024-09-18T01:09:18.372+03:00  INFO 16856 --- [GoFarBot] [restartedMain] o.s.o.j.p.SpringPersistenceUnitInfo      : No LoadTimeWeaver setup: ignoring JPA class transformer
2024-09-18T01:09:19.732+03:00  INFO 16856 --- [GoFarBot] [restartedMain] o.h.e.t.j.p.i.JtaPlatformInitiator       : HHH000489: No JTA platform available (set 'hibernate.transaction.jta.platform' to enable JTA platform integration)
2024-09-18T01:09:19.737+03:00  INFO 16856 --- [GoFarBot] [restartedMain] j.LocalContainerEntityManagerFactoryBean : Initialized JPA EntityManagerFactory for persistence unit 'default'
2024-09-18T01:09:20.033+03:00  INFO 16856 --- [GoFarBot] [restartedMain] o.s.d.j.r.query.QueryEnhancerFactory     : Hibernate is in classpath; If applicable, HQL parser will be used.
2024-09-18T01:09:20.850+03:00  WARN 16856 --- [GoFarBot] [restartedMain] JpaBaseConfiguration$JpaWebConfiguration : spring.jpa.open-in-view is enabled by default. Therefore, database queries may be performed during view rendering. Explicitly configure spring.jpa.open-in-view to disable this warning
2024-09-18T01:09:21.165+03:00  WARN 16856 --- [GoFarBot] [restartedMain] ion$DefaultTemplateResolverConfiguration : Cannot find template location: classpath:/templates/ (please add some templates, check your Thymeleaf configuration, or set spring.thymeleaf.check-template-location=false)
2024-09-18T01:09:21.287+03:00  INFO 16856 --- [GoFarBot] [restartedMain] o.s.b.d.a.OptionalLiveReloadServer       : LiveReload server is running on port 35729
2024-09-18T01:09:21.329+03:00  INFO 16856 --- [GoFarBot] [restartedMain] o.s.b.w.embedded.tomcat.TomcatWebServer  : Tomcat started on port 8080 (http) with context path '/'
2024-09-18T01:09:21.811+03:00  INFO 16856 --- [GoFarBot] [restartedMain] c.example.gofarbot.GoFarBotApplication   : Started GoFarBotApplication in 7.783 seconds (process running for 8.672)
2024-09-18T01:09:22.110+03:00  INFO 16856 --- [GoFarBot] [restartedMain] c.e.gofarbot.services.StartupRunner      : Successful creating of notifications to actual conferences in  database
2024-09-18T01:09:22.425+03:00  INFO 16856 --- [GoFarBot] [restartedMain] c.e.gofarbot.services.StartupRunner      : Upload successful!
2024-09-18T01:09:38.060+03:00  INFO 16856 --- [GoFarBot] [SpringApplicationShutdownHook] j.LocalContainerEntityManagerFactoryBean : Closing JPA EntityManagerFactory for persistence unit 'default'
2024-09-18T01:09:38.063+03:00  INFO 16856 --- [GoFarBot] [SpringApplicationShutdownHook] com.zaxxer.hikari.HikariDataSource       : HikariPool-1 - Shutdown initiated...
2024-09-18T01:09:38.067+03:00  INFO 16856 --- [GoFarBot] [SpringApplicationShutdownHook] com.zaxxer.hikari.HikariDataSource       : HikariPool-1 - Shutdown completed.
2024-09-18T01:14:10.602+03:00  INFO 22008 --- [GoFarBot] [main] c.e.gofarbot.GoFarBotApplicationTests    : Starting GoFarBotApplicationTests using Java 17.0.2 with PID 22008 (started by ���� ������ in C:\Users\���� ������\IdeaProjects\GoFarBot)
2024-09-18T01:14:10.605+03:00  INFO 22008 --- [GoFarBot] [main] c.e.gofarbot.GoFarBotApplicationTests    : No active profile set, falling back to 1 default profile: "default"
2024-09-18T01:14:11.564+03:00  INFO 22008 --- [GoFarBot] [main] .s.d.r.c.RepositoryConfigurationDelegate : Bootstrapping Spring Data JPA repositories in DEFAULT mode.
2024-09-18T01:14:11.658+03:00  INFO 22008 --- [GoFarBot] [main] .s.d.r.c.RepositoryConfigurationDelegate : Finished Spring Data repository scanning in 82 ms. Found 4 JPA repository interfaces.
2024-09-18T01:14:12.419+03:00  INFO 22008 --- [GoFarBot] [main] com.zaxxer.hikari.HikariDataSource       : HikariPool-1 - Starting...
2024-09-18T01:14:12.738+03:00  INFO 22008 --- [GoFarBot] [main] com.zaxxer.hikari.pool.HikariPool        : HikariPool-1 - Added connection org.postgresql.jdbc.PgConnection@4584304
2024-09-18T01:14:12.741+03:00  INFO 22008 --- [GoFarBot] [main] com.zaxxer.hikari.HikariDataSource       : HikariPool-1 - Start completed.
2024-09-18T01:14:12.956+03:00  INFO 22008 --- [GoFarBot] [main] liquibase.database                       : Set default schema name to public
2024-09-18T01:14:13.645+03:00  INFO 22008 --- [GoFarBot] [main] liquibase.changelog                      : Reading from public.databasechangelog
2024-09-18T01:14:13.768+03:00  INFO 22008 --- [GoFarBot] [main] liquibase.ui                             : Database is up to date, no changesets to execute
2024-09-18T01:14:13.770+03:00  INFO 22008 --- [GoFarBot] [main] liquibase.changelog                      : Reading from public.databasechangelog
2024-09-18T01:14:13.786+03:00  INFO 22008 --- [GoFarBot] [main] liquibase.util                           : UPDATE SUMMARY
2024-09-18T01:14:13.786+03:00  INFO 22008 --- [GoFarBot] [main] liquibase.util                           : Run:                          0
2024-09-18T01:14:13.787+03:00  INFO 22008 --- [GoFarBot] [main] liquibase.util                           : Previously run:              22
2024-09-18T01:14:13.787+03:00  INFO 22008 --- [GoFarBot] [main] liquibase.util                           : Filtered out:                 0
2024-09-18T01:14:13.787+03:00  INFO 22008 --- [GoFarBot] [main] liquibase.util                           : -------------------------------
2024-09-18T01:14:13.787+03:00  INFO 22008 --- [GoFarBot] [main] liquibase.util                           : Total change sets:           22
2024-09-18T01:14:13.789+03:00  INFO 22008 --- [GoFarBot] [main] liquibase.util                           : Update summary generated
2024-09-18T01:14:13.824+03:00  INFO 22008 --- [GoFarBot] [main] liquibase.lockservice                    : Successfully released change log lock
2024-09-18T01:14:13.827+03:00  INFO 22008 --- [GoFarBot] [main] liquibase.command                        : Command execution complete
2024-09-18T01:14:13.990+03:00  INFO 22008 --- [GoFarBot] [main] o.hibernate.jpa.internal.util.LogHelper  : HHH000204: Processing PersistenceUnitInfo [name: default]
2024-09-18T01:14:14.091+03:00  INFO 22008 --- [GoFarBot] [main] org.hibernate.Version                    : HHH000412: Hibernate ORM core version 6.5.2.Final
2024-09-18T01:14:14.155+03:00  INFO 22008 --- [GoFarBot] [main] o.h.c.internal.RegionFactoryInitiator    : HHH000026: Second-level cache disabled
2024-09-18T01:14:14.608+03:00  INFO 22008 --- [GoFarBot] [main] o.s.o.j.p.SpringPersistenceUnitInfo      : No LoadTimeWeaver setup: ignoring JPA class transformer
2024-09-18T01:14:16.073+03:00  INFO 22008 --- [GoFarBot] [main] o.h.e.t.j.p.i.JtaPlatformInitiator       : HHH000489: No JTA platform available (set 'hibernate.transaction.jta.platform' to enable JTA platform integration)
2024-09-18T01:14:16.078+03:00  INFO 22008 --- [GoFarBot] [main] j.LocalContainerEntityManagerFactoryBean : Initialized JPA EntityManagerFactory for persistence unit 'default'
2024-09-18T01:14:16.521+03:00  INFO 22008 --- [GoFarBot] [main] o.s.d.j.r.query.QueryEnhancerFactory     : Hibernate is in classpath; If applicable, HQL parser will be used.
2024-09-18T01:14:17.635+03:00  WARN 22008 --- [GoFarBot] [main] JpaBaseConfiguration$JpaWebConfiguration : spring.jpa.open-in-view is enabled by default. Therefore, database queries may be performed during view rendering. Explicitly configure spring.jpa.open-in-view to disable this warning
2024-09-18T01:14:18.090+03:00  WARN 22008 --- [GoFarBot] [main] ion$DefaultTemplateResolverConfiguration : Cannot find template location: classpath:/templates/ (please add some templates, check your Thymeleaf configuration, or set spring.thymeleaf.check-template-location=false)
2024-09-18T01:14:18.678+03:00  INFO 22008 --- [GoFarBot] [main] c.e.gofarbot.GoFarBotApplicationTests    : Started GoFarBotApplicationTests in 8.521 seconds (process running for 9.827)
2024-09-18T01:14:18.968+03:00  INFO 22008 --- [GoFarBot] [main] c.e.gofarbot.services.StartupRunner      : Successful creating of notifications to actual conferences in  database
2024-09-18T01:14:19.254+03:00  INFO 22008 --- [GoFarBot] [main] c.e.gofarbot.services.StartupRunner      : Upload successful!
2024-09-18T01:14:19.857+03:00  INFO 22008 --- [GoFarBot] [SpringApplicationShutdownHook] j.LocalContainerEntityManagerFactoryBean : Closing JPA EntityManagerFactory for persistence unit 'default'
2024-09-18T01:14:19.859+03:00  INFO 22008 --- [GoFarBot] [SpringApplicationShutdownHook] com.zaxxer.hikari.HikariDataSource       : HikariPool-1 - Shutdown initiated...
2024-09-18T01:14:19.866+03:00  INFO 22008 --- [GoFarBot] [SpringApplicationShutdownHook] com.zaxxer.hikari.HikariDataSource       : HikariPool-1 - Shutdown completed.
